-- phpMyAdmin SQL Dump
-- version 4.8.5
-- https://www.phpmyadmin.net/
--
-- Servidor: 127.0.0.1:3306
-- Tiempo de generación: 09-06-2020 a las 09:20:59
-- Versión del servidor: 5.7.26
-- Versión de PHP: 7.2.18

SET SQL_MODE = "NO_AUTO_VALUE_ON_ZERO";
SET AUTOCOMMIT = 0;
START TRANSACTION;
SET time_zone = "+00:00";


/*!40101 SET @OLD_CHARACTER_SET_CLIENT=@@CHARACTER_SET_CLIENT */;
/*!40101 SET @OLD_CHARACTER_SET_RESULTS=@@CHARACTER_SET_RESULTS */;
/*!40101 SET @OLD_COLLATION_CONNECTION=@@COLLATION_CONNECTION */;
/*!40101 SET NAMES utf8mb4 */;

--
-- Base de datos: `proyecto_deportes`
--

-- --------------------------------------------------------

--
-- Estructura de tabla para la tabla `combinados`
--

DROP TABLE IF EXISTS `combinados`;
CREATE TABLE IF NOT EXISTS `combinados` (
  `ID` int(5) NOT NULL AUTO_INCREMENT,
  `Nombre` varchar(100) DEFAULT NULL,
  `Ano_Creacion` int(4) DEFAULT NULL,
  `Procedencia` varchar(100) DEFAULT NULL,
  `Estadio` varchar(100) DEFAULT NULL,
  `Imagen` varchar(200) DEFAULT NULL,
  PRIMARY KEY (`ID`)
) ENGINE=MyISAM AUTO_INCREMENT=8602 DEFAULT CHARSET=latin1;

--
-- Volcado de datos para la tabla `combinados`
--

INSERT INTO `combinados` (`ID`, `Nombre`, `Ano_Creacion`, `Procedencia`, `Estadio`, `Imagen`) VALUES
(758, 'Uruguay', 1900, 'Guayaybo 1531 Montevideo 11200', '', NULL),
(759, 'Germany', 1900, 'Otto-Fleck-Schneise 6 / Postfach 710265 Frankfurt am Main 60492', '', NULL),
(760, 'Spain', 1909, 'Ramón y Cajal, s/n Las Rozas 28230', '', NULL),
(762, 'Argentina', 1893, 'Viamonte 1366/76 Buenos Aires, Buenos Aires 1053', '', NULL),
(764, 'Brazil', 1914, 'Rua Victor Civita 66 Bloco 1, Edifico 5 Rio de Janeiro, RJ 22775-044', '', NULL),
(765, 'Portugal', 1914, 'Rua Alexandre Herculano, 58 Lisboa 1250-012', '', NULL),
(766, 'Japan', 1921, 'JFA House Football Avenue, Bunkyo-ku T?ky? 113-8311', '', NULL),
(770, 'England', 1863, 'Wembley Stadium, PO Box 1966 London SW1P 9EQ', '', NULL),
(772, 'Korea Republic', 1928, '1-131 Sinmunno, 2-ga Jongno-Gu Seoul 110-062', '', NULL),
(773, 'France', 1919, '87 Boulevard de Grenelle Paris 75738', '', NULL),
(776, 'Nigeria', 1945, 'Olusegun Obasanjo Way Abuja null', '', NULL),
(779, 'Australia', 1961, 'Locked Bag A 4071 Sydney, NSW NSW 1235', '', NULL),
(780, 'Serbia', 1919, 'Terazije 35 / CP 263 Beograd 11000', 'Stadion FK Partizan', NULL),
(782, 'Denmark', 1889, 'House of Football, DBU Allé 1 Brøndby 2605', '', NULL),
(788, 'Switzerland', 1895, 'Worbstrasse 48 Bern 3000', '', NULL),
(792, 'Sweden', 1904, 'Evenemangsgatan 31 / Box 1216 Solna 17123', 'Hamad bin Khalifa Stadium', NULL),
(793, 'Costa Rica', 1921, 'Radial Santa Ana Belén San José 670-1000', 'Cosmos Arena', NULL),
(794, 'Poland', 1919, 'Bitwy Warszawskiej 1920 r., 7 Warszawa 02366', '', NULL),
(799, 'Croatia', 1912, 'Ulica grada Vukovara, 269 A Zagreb 10000', '', NULL),
(801, 'Saudi Arabia', 1956, 'Al Mather Quarter, Prince Faisal bin Fahad Street, P.O. Box 5844 ar-Riy?? 11432', '', NULL),
(804, 'Senegal', 1960, 'VDN-Ouest-Foire en face du CICES, Boite postale 13021 Dakar null', '', NULL),
(805, 'Belgium', 1895, '145, avenue Houba de Strooper Brussels 1020', '', NULL),
(808, 'Russia', 1912, 'Ulitsa Narodnaya, 7 Moskva 115172', '', NULL),
(815, 'Morocco', 1955, '51 bis, Avenue Ibn Sina Rabat 10000', '', NULL),
(825, 'Egypt', 1921, '5, Gabalaya Street, El Gezira Cairo null', '', NULL),
(818, 'Colombia', 1924, 'Avenida 32 no. 16-22 Bogotá null', '', NULL),
(832, 'Peru', 1922, 'Avenida Aviación 2085 Lima null', '', NULL),
(840, 'Iran', 1920, 'No. 2/2 Third St. Seoul Avenue Tehr?n 19958-7359', '', NULL),
(1066, 'Iceland', 1947, 'Laugardal Reykjavík 104', 'Laugardalsvöllur', NULL),
(1836, 'Panama', 1937, 'Ciudad Deportiva Irving Saladino - Zona 8 Ciudad de Panamá null', 'Estadio Rommel Fernández Gutiérrez', NULL),
(1, '1. FC Köln', 1948, 'Franz-Kremer-Allee 1 Köln 50937', 'RheinEnergieSTADION', NULL),
(2, 'TSG 1899 Hoffenheim', 1921, 'Horrenberger Straße 58 Zuzenhausen 74939', 'PreZero Arena', NULL),
(3, 'Bayer 04 Leverkusen', 1904, 'Bismarckstr. 122-124 Leverkusen 51373', 'BayArena', NULL),
(4, 'BV Borussia 09 Dortmund', 1991, 'null Dortmund null', 'Signal Iduna Park', NULL),
(5, 'FC Bayern München', 1900, 'Säbenerstr. 51 München 81547', 'Allianz Arena', NULL),
(6, 'FC Schalke 04', 1904, 'Ernst-Kuzorra-Weg 1 Gelsenkirchen 45891', 'Veltins-Arena', NULL),
(9, 'Hertha BSC', 1892, 'Hanns-Braun-Straße, Friesenhaus II Berlin 14053', 'Olympiastadion Berlin', NULL),
(11, 'VfL Wolfsburg', 1945, 'In den Allerwiesen 1 Wolfsburg 38446', 'Volkswagen Arena', NULL),
(12, 'SV Werder Bremen', 1899, 'Franz-Böhmert-Str. 1c Bremen 28205', 'Weserstadion', NULL),
(15, '1. FSV Mainz 05', 1926, 'Isaac-Fulda-Allee 5 Mainz 55124', 'Opel Arena', NULL),
(16, 'FC Augsburg', 1907, 'Donauwörther Straße 170 Augsburg 86154', 'WWK Arena', NULL),
(17, 'SC Freiburg', 1912, 'Schwarzwaldstraße 193 Freiburg 79117', 'Schwarzwald-Stadion', NULL),
(18, 'Borussia Mönchengladbach', 1900, 'Hennes-Weisweiler-Allee 1 Mönchengladbach 41179', 'Stadion im Borussia-Park', NULL),
(19, 'Eintracht Frankfurt', 1899, 'Mörfelder Landstraße 362 Frankfurt am Main 60528', 'Commerzbank-Arena', NULL),
(24, 'TSV Fortuna 95 Düsseldorf', 1911, 'Flinger Broich 87 Düsseldorf 40235', 'Merkur Spielarena', NULL),
(28, '1. FC Union Berlin', 1906, 'An der Wuhlheide 263 Berlin 12555', 'Stadion An der Alten Försterei', NULL),
(29, 'SC Paderborn 07', 1985, 'Paderborner Str. 89 Paderborn 33104', 'Benteler-Arena', NULL),
(721, 'RB Leipzig', 2009, 'Neumarkt 29-33 Leipzig 04109', 'Red Bull Arena', NULL),
(668, 'VVV Venlo', 1903, 'Kaldenkerkerweg 182 Venlo 5915 AH', 'Seacon Stadion De Koel', NULL),
(671, 'Heracles Almelo', 1903, 'Stadionlaan 1 Almelo 7606 JZ', 'Erve Asito', NULL),
(672, 'Willem II Tilburg', 1896, 'Goirleseweg 34 Tilburg 5026 PC', 'Koning Willem II Stadion', NULL),
(673, 'SC Heerenveen', 1920, 'Abe Lenstra Boulevard 19 Heerenveen 8448 JA', 'Abe Lenstra Stadion', NULL),
(674, 'PSV', 1913, 'Fredriklaan 10a Eindhoven 5616 NH', 'Philips Stadion', NULL),
(675, 'Feyenoord Rotterdam', 1908, 'Van Zandvlietplein 3 Rotterdam 3007 AP', 'Stadion Feijenoord', NULL),
(676, 'FC Utrecht', 1970, 'Postbus 85159 Utrecht 3508 AD', 'Stadion Galgenwaard', NULL),
(677, 'FC Groningen', 1921, 'Boumaboulevard 41 Groningen 9701 BJ', 'Hitachi Capital Mobility Stadion', NULL),
(678, 'AFC Ajax', 1900, 'ArenA Boulevard 29 Amsterdam 1101 AX', 'Johan Cruyff ArenA', NULL),
(679, 'SBV Vitesse', 1892, 'Batavierenweg 25 Arnhem 6841 HN', 'GelreDome', NULL),
(680, 'ADO Den Haag', 1905, 'Haags Kwartier 55 Den Haag 2491 BM', 'Cars Jeans Stadion', NULL),
(682, 'AZ', 1967, 'Stadionweg 1 Alkmaar 1812 AZ', 'AFAS Stadion', NULL),
(683, 'RKC Waalwijk', 1940, 'Akkerlaan 2 Waalwijk 5143 ND', 'Mandemakers Stadion', NULL),
(684, 'PEC Zwolle', 1910, 'Stadionplein 1 Zwolle 8025 CP', 'MAC³PARK Stadion', NULL),
(1914, 'FC Emmen', 1925, 'Meerdijk 65 Emmen 7825 TH', 'De Oude Meerdijk', NULL),
(1920, 'Fortuna Sittard', 1968, 'Milaanstraat 120 Sittard 6135 LH', 'Fortuna Sittard Stadion', NULL),
(6806, 'Sparta Rotterdam', 1888, 'Spartapark Noord 1 Rotterdam 3027 VW', 'Sparta-Stadion Het Kasteel', NULL),
(512, 'Stade Brestois 29', 1903, 'Port de Plaisance, 470 bis rue Alain Colas Brest 29200', 'Stade Francis-Le Blé', NULL),
(511, 'Toulouse FC', 1937, '1 allée Gabriel Biénèsm, BP 54023 Toulouse 31028', 'Stadium Municipal', NULL),
(516, 'Olympique de Marseille', 1898, 'La Commanderie, 33, traverse de La Martine Marseille 13012', 'Orange Vélodrome', NULL),
(518, 'Montpellier HSC', 1970, 'Domaine de Grammont CS 79041 Montpellier 34967', 'Stade de la Mosson', NULL),
(521, 'Lille OSC', 1944, 'Grand Rue 59, 780 Camphin-en-Pévèle Lille null', 'Stade Pierre-Mauroy', NULL),
(522, 'OGC Nice', 1904, '35, avenue du Ray Nice 06100', 'Stade de Nice', NULL),
(526, 'FC Girondins de Bordeaux', 1881, 'Rue Joliot-Curie, Le Haillan Bordeaux 33185', 'Stade Matmut-Atlantique', NULL),
(523, 'Olympique Lyonnais', 1896, '350 avenue Jean Jaurès Lyon 69007', 'Groupama Stadium', NULL),
(524, 'Paris Saint-Germain FC', 1904, '24, rue de Commandant Guibaud Paris 7501', 'Parc des Princes', NULL),
(529, 'Stade Rennais FC 1901', 1901, 'La Piverdière - Chemin de la Taupinais CS 5390 Rennes 35039', 'Roazhon Park', NULL),
(543, 'FC Nantes', 1943, 'Centre Sportif José Arribas, La Jonelière Nantes 44240', 'Stade de la Beaujoire - Louis Fonteneau', NULL),
(545, 'FC Metz', 1919, '3, allée Saint Symphonien, BP 40292 Metz 5700', 'Stade Saint-Symphorien', NULL),
(530, 'Amiens SC', 1901, 'Stade de la Licorne Rue du Chapitre Amiens 80016', 'Stade Crédit Agricole la Licorne', NULL),
(532, 'Angers SCO', 1919, '73 boulevard Jacques Portet, BP 20212 Angers 49002', 'Stade Raymond Kopa', NULL),
(547, 'Stade de Reims', 1909, '26 rue Robert-Fulton Reims 51100', 'Stade Auguste-Delaune II', NULL),
(556, 'Nîmes Olympique', 1901, 'Stade des Costières 123<br>Avenue de la Bouvine Nîmes 30900', 'Stade des Costières', NULL),
(548, 'AS Monaco FC', 1919, 'Avenue des Castellans Monaco 98000', 'Stade Louis II.', NULL),
(576, 'RC Strasbourg Alsace', 1906, '12 Rue Extenwoerth Strasbourg 67000', 'Stade de la Meinau', NULL),
(784, 'Italy', 1898, 'Via Gregorio Allegri, 14 / CP 2450 Roma 00198', '', NULL),
(790, 'Ukraine', 1991, 'Provulok Laboratorniy 7-A / PO Box 55 Kyïv 01133', '', NULL),
(803, 'Turkey', 1923, 'Istinye Mahallesi, Darü??afaka Caddesi, 45 ?stanbul 34330', '', NULL),
(798, 'Czech Republic', 1901, 'Diska?ská 2431/4 Praha 16017', '', NULL),
(816, 'Austria', 1904, 'Ernst-Happel-Stadion, Sektor A/F, Meiereistraße 7 Wien 1020', '', NULL),
(833, 'Wales', 1876, '11/12 Neptune Court, Vanguard Way Cardiff CF24 5PJ', '', NULL),
(1976, 'Finland', 1907, 'Urheilukatu, 5 / PO Box 191 Helsinki 00251', '', NULL),
(8601, 'Netherlands', 1889, 'Woudenbergseweg 56-58 / Postbus 515 Zeist 3700 AM', '', NULL),
(98, 'AC Milan', 1899, 'Via Filippo Turati 3 Milano 20121', 'Stadio Giuseppe Meazza', NULL),
(99, 'ACF Fiorentina', 1926, 'Viale Manfredo Fanti 4 Firenze 50137', 'Stadio Artemio Franchi', NULL),
(100, 'AS Roma', 1927, 'Via di Trigoria km. 3,600 Roma 00128', 'Stadio Olimpico', NULL),
(104, 'Cagliari Calcio', 1920, 'Viale la Plaia 15 Cagliari 09123', 'Sardegna Arena', NULL),
(107, 'Genoa CFC', 1893, 'Via Ronchi, 67 Genova 16155', 'Stadio Comunale Luigi Ferraris', NULL),
(108, 'FC Internazionale Milano', 1908, 'Corso Vittorio Emanuele II 9 Milano 20122', 'Stadio Giuseppe Meazza', NULL),
(109, 'Juventus FC', 1897, 'Corso Galileo Ferraris, 32 Torino 10128', 'Allianz Stadium', NULL),
(110, 'SS Lazio', 1900, 'Via di Santa Cornelia, 1000 Formello 00060', 'Stadio Olimpico', NULL),
(112, 'Parma Calcio 1913', 1913, 'Strada Carlo Pisacane, 4 Parma 43121', 'Stadio Ennio Tardini', NULL),
(113, 'SSC Napoli', 1904, 'Centro Tecnico di Castel Volturno, Via S.S. Domitana, Km 35 Castel Volturno 81030', 'Stadio San Paolo', NULL),
(115, 'Udinese Calcio', 1896, 'Via Agostino e Angelo Candolini 2 Udine 33100', 'Dacia Arena', NULL),
(449, 'Brescia Calcio', 1907, 'Via Novagani, 8 Brescia 25127', 'Stadio Mario Rigamonti', NULL),
(471, 'US Sassuolo Calcio', 1922, 'Piazza Risorgimento, 47 Sassuolo 41049', 'Mapei Stadium - Città del Tricolore', NULL),
(584, 'UC Sampdoria', 1946, 'Piazza Borgo Pila, 39 Genova 16129', 'Stadio Comunale Luigi Ferraris', NULL),
(586, 'Torino FC', 1894, 'Via Arcivescovado 1 Torino 10122', 'Stadio Olimpico di Torino', NULL),
(1107, 'SPAL 2013', 1907, 'Corso Piave 28 Ferrara 44100', 'Stadio Paolo Mazza', NULL),
(5890, 'US Lecce', 1908, 'Via Templari 11 Lecce 73100', 'Stadio Comunale Via Del Mare', NULL);

-- --------------------------------------------------------

--
-- Estructura de tabla para la tabla `combinados_contratan_jugadores`
--

DROP TABLE IF EXISTS `combinados_contratan_jugadores`;
CREATE TABLE IF NOT EXISTS `combinados_contratan_jugadores` (
  `ID_Combinado` int(5) NOT NULL,
  `ID_Jugador` int(6) NOT NULL,
  `Fecha_Inicio_Contrato` date DEFAULT NULL,
  `Fecha_Final_Servicio` date DEFAULT NULL,
  PRIMARY KEY (`ID_Combinado`,`ID_Jugador`),
  KEY `ID_Jugador` (`ID_Jugador`)
) ENGINE=MyISAM DEFAULT CHARSET=latin1;

--
-- Volcado de datos para la tabla `combinados_contratan_jugadores`
--

INSERT INTO `combinados_contratan_jugadores` (`ID_Combinado`, `ID_Jugador`, `Fecha_Inicio_Contrato`, `Fecha_Final_Servicio`) VALUES
(758, 3160, NULL, NULL),
(758, 111, NULL, NULL),
(758, 1973, NULL, NULL),
(758, 2059, NULL, NULL),
(758, 3162, NULL, NULL),
(758, 3161, NULL, NULL),
(758, 3164, NULL, NULL),
(758, 28426, NULL, NULL),
(758, 28585, NULL, NULL),
(758, 96, NULL, NULL),
(758, 28656, NULL, NULL),
(758, 2009, NULL, NULL),
(758, 2041, NULL, NULL),
(758, 2260, NULL, NULL),
(758, 7444, NULL, NULL),
(758, 39556, NULL, NULL),
(758, 3169, NULL, NULL),
(758, 28755, NULL, NULL),
(758, 3170, NULL, NULL),
(758, 3171, NULL, NULL),
(758, 3172, NULL, NULL),
(758, 33611, NULL, NULL),
(758, 28618, NULL, NULL),
(758, 33613, NULL, NULL),
(759, 341, NULL, NULL),
(759, 3173, NULL, NULL),
(759, 3174, NULL, NULL),
(759, 149, NULL, NULL),
(759, 184, NULL, NULL),
(759, 3176, NULL, NULL),
(759, 47, NULL, NULL),
(759, 9536, NULL, NULL),
(759, 9479, NULL, NULL),
(759, 311, NULL, NULL),
(759, 320, NULL, NULL),
(759, 312, NULL, NULL),
(759, 359, NULL, NULL),
(759, 367, NULL, NULL),
(759, 3181, NULL, NULL),
(759, 3183, NULL, NULL),
(759, 6557, NULL, NULL),
(759, 3182, NULL, NULL),
(759, 6629, NULL, NULL),
(759, 148, NULL, NULL),
(759, 6537, NULL, NULL),
(759, 136064, NULL, NULL),
(759, 3187, NULL, NULL),
(759, 43800, NULL, NULL),
(759, 10178, NULL, NULL),
(760, 3189, NULL, NULL),
(760, 2085, NULL, NULL),
(760, 32695, NULL, NULL),
(760, 3188, NULL, NULL),
(760, 32588, NULL, NULL),
(760, 3192, NULL, NULL),
(760, 3194, NULL, NULL),
(760, 10, NULL, NULL),
(760, 33109, NULL, NULL),
(760, 22, NULL, NULL),
(760, 74, NULL, NULL),
(760, 118, NULL, NULL),
(760, 54, NULL, NULL),
(760, 356, NULL, NULL),
(760, 3199, NULL, NULL),
(760, 357, NULL, NULL),
(760, 10179, NULL, NULL),
(760, 7790, NULL, NULL),
(760, 23132, NULL, NULL),
(760, 33146, NULL, NULL),
(760, 7819, NULL, NULL),
(760, 15871, NULL, NULL),
(762, 39093, NULL, NULL),
(760, 114788, NULL, NULL),
(762, 45895, NULL, NULL),
(762, 46554, NULL, NULL),
(760, 32719, NULL, NULL),
(762, 3141, NULL, NULL),
(762, 1772, NULL, NULL),
(762, 1138, NULL, NULL),
(762, 3205, NULL, NULL),
(762, 3206, NULL, NULL),
(762, 3208, NULL, NULL),
(762, 7996, NULL, NULL),
(762, 45671, NULL, NULL),
(762, 2127, NULL, NULL),
(762, 3212, NULL, NULL),
(762, 3216, NULL, NULL),
(762, 3214, NULL, NULL),
(762, 8120, NULL, NULL),
(762, 8358, NULL, NULL),
(762, 46563, NULL, NULL),
(762, 39104, NULL, NULL),
(762, 46346, NULL, NULL),
(762, 45681, NULL, NULL),
(762, 154, NULL, NULL),
(762, 2046, NULL, NULL),
(762, 3218, NULL, NULL),
(762, 3220, NULL, NULL),
(762, 82990, NULL, NULL),
(762, 7891, NULL, NULL),
(762, 45680, NULL, NULL),
(764, 1169, NULL, NULL),
(764, 1662, NULL, NULL),
(764, 1795, NULL, NULL),
(764, 1131, NULL, NULL),
(764, 1671, NULL, NULL),
(764, 1337, NULL, NULL),
(764, 3225, NULL, NULL),
(764, 2028, NULL, NULL),
(764, 3224, NULL, NULL),
(764, 7881, NULL, NULL),
(764, 15903, NULL, NULL),
(764, 3228, NULL, NULL),
(764, 8749, NULL, NULL),
(764, 1148, NULL, NULL),
(764, 3231, NULL, NULL),
(764, 33525, NULL, NULL),
(764, 3230, NULL, NULL),
(764, 1324, NULL, NULL),
(764, 1543, NULL, NULL),
(764, 3233, NULL, NULL),
(764, 3236, NULL, NULL),
(764, 8133, NULL, NULL),
(764, 8891, NULL, NULL),
(764, 33639, NULL, NULL),
(765, 3238, NULL, NULL),
(765, 3239, NULL, NULL),
(765, 2000, NULL, NULL),
(765, 15899, NULL, NULL),
(765, 2090, NULL, NULL),
(765, 3246, NULL, NULL),
(765, 3245, NULL, NULL),
(765, 10181, NULL, NULL),
(765, 10182, NULL, NULL),
(765, 10183, NULL, NULL),
(765, 15862, NULL, NULL),
(765, 33110, NULL, NULL),
(765, 45472, NULL, NULL),
(765, 3249, NULL, NULL),
(765, 3251, NULL, NULL),
(765, 3254, NULL, NULL),
(765, 3253, NULL, NULL),
(765, 3255, NULL, NULL),
(765, 3257, NULL, NULL),
(765, 15909, NULL, NULL),
(765, 39265, NULL, NULL),
(765, 1760, NULL, NULL),
(765, 44, NULL, NULL),
(765, 3259, NULL, NULL),
(765, 4092, NULL, NULL),
(765, 9553, NULL, NULL),
(765, 15890, NULL, NULL),
(765, 15919, NULL, NULL),
(765, 16754, NULL, NULL),
(765, 49274, NULL, NULL),
(765, 10184, NULL, NULL),
(765, 10185, NULL, NULL),
(766, 3262, NULL, NULL),
(766, 48729, NULL, NULL),
(766, 112768, NULL, NULL),
(766, 44802, NULL, NULL),
(766, 48615, NULL, NULL),
(766, 48569, NULL, NULL),
(766, 48733, NULL, NULL),
(766, 113595, NULL, NULL),
(766, 33059, NULL, NULL),
(766, 3276, NULL, NULL),
(766, 49061, NULL, NULL),
(766, 48834, NULL, NULL),
(766, 48745, NULL, NULL),
(766, 48975, NULL, NULL),
(766, 48543, NULL, NULL),
(766, 49105, NULL, NULL),
(766, 80044, NULL, NULL),
(766, 113199, NULL, NULL),
(766, 48659, NULL, NULL),
(766, 48720, NULL, NULL),
(766, 119460, NULL, NULL),
(766, 48890, NULL, NULL),
(766, 48987, NULL, NULL),
(766, 83225, NULL, NULL),
(770, 3309, NULL, NULL),
(770, 5457, NULL, NULL),
(770, 3310, NULL, NULL),
(770, 3312, NULL, NULL),
(770, 3319, NULL, NULL),
(770, 3313, NULL, NULL),
(770, 3326, NULL, NULL),
(770, 7862, NULL, NULL),
(770, 8065, NULL, NULL),
(770, 7867, NULL, NULL),
(770, 11528, NULL, NULL),
(770, 8235, NULL, NULL),
(770, 146, NULL, NULL),
(770, 3320, NULL, NULL),
(770, 3323, NULL, NULL),
(770, 3992, NULL, NULL),
(770, 7817, NULL, NULL),
(770, 7599, NULL, NULL),
(770, 7886, NULL, NULL),
(770, 8215, NULL, NULL),
(770, 7999, NULL, NULL),
(770, 3329, NULL, NULL),
(770, 3331, NULL, NULL),
(770, 7985, NULL, NULL),
(770, 7816, NULL, NULL),
(770, 8004, NULL, NULL),
(770, 8251, NULL, NULL),
(770, 10186, NULL, NULL),
(776, 3375, NULL, NULL),
(772, 136933, NULL, NULL),
(772, 21634, NULL, NULL),
(782, 3448, NULL, NULL),
(782, 3450, NULL, NULL),
(782, 56, NULL, NULL),
(782, 10192, NULL, NULL),
(782, 3451, NULL, NULL),
(782, 2253, NULL, NULL),
(782, 3452, NULL, NULL),
(782, 3454, NULL, NULL),
(782, 3456, NULL, NULL),
(782, 3455, NULL, NULL),
(782, 2134, NULL, NULL),
(782, 3458, NULL, NULL),
(782, 3459, NULL, NULL),
(782, 3460, NULL, NULL),
(782, 3462, NULL, NULL),
(782, 8093, NULL, NULL),
(782, 8918, NULL, NULL),
(782, 3464, NULL, NULL),
(782, 10193, NULL, NULL),
(782, 10195, NULL, NULL),
(782, 24102, NULL, NULL),
(782, 7570, NULL, NULL),
(782, 3467, NULL, NULL),
(782, 64228, NULL, NULL),
(782, 1855, NULL, NULL),
(782, 3466, NULL, NULL),
(782, 10196, NULL, NULL),
(788, 3470, NULL, NULL),
(776, 3376, NULL, NULL),
(776, 65480, NULL, NULL),
(776, 3378, NULL, NULL),
(776, 3381, NULL, NULL),
(776, 3382, NULL, NULL),
(776, 3386, NULL, NULL),
(776, 3387, NULL, NULL),
(776, 3393, NULL, NULL),
(776, 6451, NULL, NULL),
(776, 45578, NULL, NULL),
(776, 135563, NULL, NULL),
(776, 3383, NULL, NULL),
(776, 3395, NULL, NULL),
(776, 6318, NULL, NULL),
(776, 32879, NULL, NULL),
(776, 33124, NULL, NULL),
(776, 3392, NULL, NULL),
(776, 3396, NULL, NULL),
(776, 3398, NULL, NULL),
(776, 8894, NULL, NULL),
(776, 8920, NULL, NULL),
(776, 9434, NULL, NULL),
(776, 24215, NULL, NULL),
(776, 10160, NULL, NULL),
(776, 130897, NULL, NULL),
(772, 3332, NULL, NULL),
(772, 3334, NULL, NULL),
(772, 48598, NULL, NULL),
(772, 141655, NULL, NULL),
(772, 3336, NULL, NULL),
(772, 3341, NULL, NULL),
(772, 21530, NULL, NULL),
(772, 21671, NULL, NULL),
(772, 82995, NULL, NULL),
(772, 97344, NULL, NULL),
(772, 119552, NULL, NULL),
(772, 3345, NULL, NULL),
(772, 43771, NULL, NULL),
(772, 43772, NULL, NULL),
(772, 48983, NULL, NULL),
(772, 49074, NULL, NULL),
(772, 82994, NULL, NULL),
(772, 119553, NULL, NULL),
(772, 136931, NULL, NULL),
(772, 136932, NULL, NULL),
(772, 48824, NULL, NULL),
(772, 97345, NULL, NULL),
(772, 99382, NULL, NULL),
(788, 9534, NULL, NULL),
(788, 30774, NULL, NULL),
(788, 143, NULL, NULL),
(788, 1745, NULL, NULL),
(788, 2026, NULL, NULL),
(788, 3473, NULL, NULL),
(788, 3474, NULL, NULL),
(788, 3475, NULL, NULL),
(788, 16264, NULL, NULL),
(788, 16265, NULL, NULL),
(788, 16268, NULL, NULL),
(788, 30823, NULL, NULL),
(788, 3477, NULL, NULL),
(788, 6687, NULL, NULL),
(788, 9433, NULL, NULL),
(788, 16275, NULL, NULL),
(788, 3482, NULL, NULL),
(788, 8220, NULL, NULL),
(788, 16063, NULL, NULL),
(788, 16281, NULL, NULL),
(788, 30780, NULL, NULL),
(788, 31913, NULL, NULL),
(788, 10197, NULL, NULL),
(788, 114664, NULL, NULL),
(792, 30926, NULL, NULL),
(792, 31025, NULL, NULL),
(792, 31127, NULL, NULL),
(792, 3487, NULL, NULL),
(792, 21173, NULL, NULL),
(792, 25615, NULL, NULL),
(792, 30932, NULL, NULL),
(792, 30945, NULL, NULL),
(792, 30950, NULL, NULL),
(792, 31067, NULL, NULL),
(792, 31313, NULL, NULL),
(792, 32671, NULL, NULL),
(792, 3498, NULL, NULL),
(792, 6833, NULL, NULL),
(792, 8699, NULL, NULL),
(792, 30933, NULL, NULL),
(792, 30971, NULL, NULL),
(792, 31043, NULL, NULL),
(792, 31171, NULL, NULL),
(792, 31603, NULL, NULL),
(792, 9084, NULL, NULL),
(792, 31076, NULL, NULL),
(792, 31117, NULL, NULL),
(792, 31243, NULL, NULL),
(792, 10198, NULL, NULL),
(799, 3547, NULL, NULL),
(799, 3548, NULL, NULL),
(799, 15159, NULL, NULL),
(799, 168, NULL, NULL),
(799, 10206, NULL, NULL),
(799, 10207, NULL, NULL),
(799, 23125, NULL, NULL),
(799, 24225, NULL, NULL),
(799, 84551, NULL, NULL),
(799, 65, NULL, NULL),
(799, 43, NULL, NULL),
(799, 1779, NULL, NULL),
(799, 2003, NULL, NULL),
(799, 2004, NULL, NULL),
(799, 2098, NULL, NULL),
(799, 3553, NULL, NULL),
(799, 7843, NULL, NULL),
(799, 23202, NULL, NULL),
(799, 23233, NULL, NULL),
(799, 2174, NULL, NULL),
(799, 9436, NULL, NULL),
(799, 3557, NULL, NULL),
(799, 73401, NULL, NULL),
(799, 10209, NULL, NULL),
(801, 3559, NULL, NULL),
(801, 83166, NULL, NULL),
(801, 97370, NULL, NULL),
(801, 3567, NULL, NULL),
(801, 83168, NULL, NULL),
(801, 97372, NULL, NULL),
(801, 114364, NULL, NULL),
(801, 99390, NULL, NULL),
(801, 129098, NULL, NULL),
(801, 136031, NULL, NULL),
(801, 3574, NULL, NULL),
(801, 3576, NULL, NULL),
(801, 3577, NULL, NULL),
(801, 3579, NULL, NULL),
(801, 3582, NULL, NULL),
(801, 3580, NULL, NULL),
(801, 43781, NULL, NULL),
(801, 97374, NULL, NULL),
(801, 99391, NULL, NULL),
(801, 129099, NULL, NULL),
(801, 99392, NULL, NULL),
(801, 132019, NULL, NULL),
(801, 129103, NULL, NULL),
(801, 10170, NULL, NULL),
(804, 805, NULL, NULL),
(804, 2345, NULL, NULL),
(804, 3614, NULL, NULL),
(804, 299, NULL, NULL),
(804, 472, NULL, NULL),
(804, 2086, NULL, NULL),
(804, 3621, NULL, NULL),
(804, 3623, NULL, NULL),
(804, 6311, NULL, NULL),
(804, 8428, NULL, NULL),
(804, 135398, NULL, NULL),
(804, 456, NULL, NULL),
(804, 693, NULL, NULL),
(804, 3618, NULL, NULL),
(804, 3627, NULL, NULL),
(804, 3629, NULL, NULL),
(804, 101914, NULL, NULL),
(804, 8887, NULL, NULL),
(804, 860, NULL, NULL),
(804, 37331, NULL, NULL),
(804, 2302, NULL, NULL),
(804, 3626, NULL, NULL),
(804, 3638, NULL, NULL),
(804, 4412, NULL, NULL),
(804, 127103, NULL, NULL),
(804, 10168, NULL, NULL),
(805, 3641, NULL, NULL),
(805, 3640, NULL, NULL),
(805, 3643, NULL, NULL),
(805, 8925, NULL, NULL),
(805, 1836, NULL, NULL),
(805, 3645, NULL, NULL),
(805, 3647, NULL, NULL),
(805, 3648, NULL, NULL),
(805, 8873, NULL, NULL),
(805, 9317, NULL, NULL),
(805, 30542, NULL, NULL),
(805, 2259, NULL, NULL),
(805, 3653, NULL, NULL),
(805, 3654, NULL, NULL),
(805, 3655, NULL, NULL),
(805, 3656, NULL, NULL),
(805, 3657, NULL, NULL),
(805, 3658, NULL, NULL),
(805, 8024, NULL, NULL),
(805, 8888, NULL, NULL),
(805, 3659, NULL, NULL),
(805, 8984, NULL, NULL),
(805, 99767, NULL, NULL),
(805, 2103, NULL, NULL),
(805, 3662, NULL, NULL),
(805, 3663, NULL, NULL),
(805, 3664, NULL, NULL),
(805, 8164, NULL, NULL),
(805, 32847, NULL, NULL),
(805, 10211, NULL, NULL),
(825, 3743, NULL, NULL),
(825, 3745, NULL, NULL),
(825, 132386, NULL, NULL),
(825, 3746, NULL, NULL),
(825, 3747, NULL, NULL),
(825, 3751, NULL, NULL),
(825, 83057, NULL, NULL),
(825, 83059, NULL, NULL),
(825, 114666, NULL, NULL),
(825, 135202, NULL, NULL),
(825, 135203, NULL, NULL),
(825, 3752, NULL, NULL),
(825, 3755, NULL, NULL),
(825, 3759, NULL, NULL),
(825, 3763, NULL, NULL),
(825, 3767, NULL, NULL),
(825, 45207, NULL, NULL),
(825, 114668, NULL, NULL),
(825, 132388, NULL, NULL),
(825, 3754, NULL, NULL),
(825, 3756, NULL, NULL),
(825, 10175, NULL, NULL),
(825, 83064, NULL, NULL),
(825, 135204, NULL, NULL),
(825, 135205, NULL, NULL),
(825, 10176, NULL, NULL),
(825, 132391, NULL, NULL),
(840, 3794, NULL, NULL),
(840, 3795, NULL, NULL),
(840, 103099, NULL, NULL),
(840, 3802, NULL, NULL),
(840, 3804, NULL, NULL),
(840, 3803, NULL, NULL),
(840, 3811, NULL, NULL),
(840, 43783, NULL, NULL),
(840, 72595, NULL, NULL),
(840, 99344, NULL, NULL),
(840, 129599, NULL, NULL),
(840, 3807, NULL, NULL),
(840, 3808, NULL, NULL),
(840, 3809, NULL, NULL),
(840, 3810, NULL, NULL),
(840, 3812, NULL, NULL),
(840, 3814, NULL, NULL),
(840, 97905, NULL, NULL),
(840, 132022, NULL, NULL),
(840, 3816, NULL, NULL),
(840, 3817, NULL, NULL),
(840, 3820, NULL, NULL),
(840, 3822, NULL, NULL),
(3, 153, NULL, NULL),
(1, 212, NULL, NULL),
(1, 21528, NULL, NULL),
(1, 214, NULL, NULL),
(1, 57502, NULL, NULL),
(1, 137031, NULL, NULL),
(3, 165, NULL, NULL),
(3, 6696, NULL, NULL),
(3, 6475, NULL, NULL),
(3, 149, NULL, NULL),
(3, 8068, NULL, NULL),
(3, 64713, NULL, NULL),
(3, 133548, NULL, NULL),
(3, 147, NULL, NULL),
(3, 151, NULL, NULL),
(3, 167, NULL, NULL),
(3, 169, NULL, NULL),
(3, 171, NULL, NULL),
(3, 313, NULL, NULL),
(3, 320, NULL, NULL),
(3, 6476, NULL, NULL),
(3, 6555, NULL, NULL),
(3, 7558, NULL, NULL),
(3, 11720, NULL, NULL),
(3, 101082, NULL, NULL),
(3, 150, NULL, NULL),
(3, 154, NULL, NULL),
(3, 157, NULL, NULL),
(3, 1490, NULL, NULL),
(3, 2240, NULL, NULL),
(3, 10233, NULL, NULL),
(3, 10234, NULL, NULL),
(3, 10235, NULL, NULL),
(3, 43925, NULL, NULL),
(5, 341, NULL, NULL),
(5, 342, NULL, NULL),
(5, 349, NULL, NULL),
(5, 347, NULL, NULL),
(5, 351, NULL, NULL),
(5, 311, NULL, NULL),
(5, 3365, NULL, NULL),
(5, 352, NULL, NULL),
(5, 355, NULL, NULL),
(5, 356, NULL, NULL),
(5, 3364, NULL, NULL),
(5, 359, NULL, NULL),
(5, 360, NULL, NULL),
(5, 2004, NULL, NULL),
(5, 366, NULL, NULL),
(5, 3181, NULL, NULL),
(5, 3228, NULL, NULL),
(5, 4684, NULL, NULL),
(5, 6688, NULL, NULL),
(5, 370, NULL, NULL),
(5, 11, NULL, NULL),
(5, 371, NULL, NULL),
(5, 6543, NULL, NULL),
(5, 21288, NULL, NULL),
(5, 72437, NULL, NULL),
(5, 99692, NULL, NULL),
(5, 99731, NULL, NULL),
(5, 67902, NULL, NULL),
(5, 10238, NULL, NULL),
(5, 133997, NULL, NULL),
(9, 6544, NULL, NULL),
(9, 6545, NULL, NULL),
(9, 6546, NULL, NULL),
(9, 188, NULL, NULL),
(9, 3178, NULL, NULL),
(9, 3647, NULL, NULL),
(9, 6548, NULL, NULL),
(9, 6549, NULL, NULL),
(9, 6551, NULL, NULL),
(9, 6552, NULL, NULL),
(9, 3442, NULL, NULL),
(9, 6554, NULL, NULL),
(9, 6556, NULL, NULL),
(9, 6557, NULL, NULL),
(9, 6562, NULL, NULL),
(9, 6714, NULL, NULL),
(9, 8128, NULL, NULL),
(9, 9403, NULL, NULL),
(9, 3420, NULL, NULL),
(9, 6566, NULL, NULL),
(9, 130420, NULL, NULL),
(9, 6568, NULL, NULL),
(9, 6567, NULL, NULL),
(9, 6779, NULL, NULL),
(9, 10203, NULL, NULL),
(9, 30842, NULL, NULL),
(9, 56598, NULL, NULL),
(9, 45081, NULL, NULL),
(11, 3642, NULL, NULL),
(11, 9411, NULL, NULL),
(11, 66421, NULL, NULL),
(11, 6850, NULL, NULL),
(11, 131581, NULL, NULL),
(11, 8369, NULL, NULL),
(11, 9412, NULL, NULL),
(11, 10700, NULL, NULL),
(11, 9417, NULL, NULL),
(11, 9418, NULL, NULL),
(11, 9420, NULL, NULL),
(11, 15110, NULL, NULL),
(11, 16268, NULL, NULL),
(11, 9423, NULL, NULL),
(11, 9426, NULL, NULL),
(11, 385, NULL, NULL),
(11, 9431, NULL, NULL),
(11, 9433, NULL, NULL),
(11, 9424, NULL, NULL),
(11, 66287, NULL, NULL),
(11, 16344, NULL, NULL),
(11, 7404, NULL, NULL),
(11, 102249, NULL, NULL),
(11, 7697, NULL, NULL),
(11, 9406, NULL, NULL),
(11, 9436, NULL, NULL),
(11, 9437, NULL, NULL),
(11, 10717, NULL, NULL),
(11, 67204, NULL, NULL),
(11, 10727, NULL, NULL),
(15, 6614, NULL, NULL),
(15, 6617, NULL, NULL),
(15, 6576, NULL, NULL),
(15, 6618, NULL, NULL),
(11, 57742, NULL, NULL),
(15, 6616, NULL, NULL),
(15, 6620, NULL, NULL),
(15, 6621, NULL, NULL),
(15, 7465, NULL, NULL),
(15, 8723, NULL, NULL),
(15, 9414, NULL, NULL),
(15, 8529, NULL, NULL),
(15, 32701, NULL, NULL),
(15, 6628, NULL, NULL),
(15, 6632, NULL, NULL),
(15, 32051, NULL, NULL),
(15, 6631, NULL, NULL),
(15, 82403, NULL, NULL),
(15, 6634, NULL, NULL),
(15, 329, NULL, NULL),
(15, 641, NULL, NULL),
(15, 6636, NULL, NULL),
(15, 7477, NULL, NULL),
(15, 9218, NULL, NULL),
(15, 10108, NULL, NULL),
(15, 8220, NULL, NULL),
(15, 10045, NULL, NULL),
(15, 82404, NULL, NULL),
(15, 131968, NULL, NULL),
(17, 9923, NULL, NULL),
(17, 9469, NULL, NULL),
(17, 80595, NULL, NULL),
(17, 186, NULL, NULL),
(17, 9416, NULL, NULL),
(17, 9472, NULL, NULL),
(17, 9473, NULL, NULL),
(17, 9474, NULL, NULL),
(17, 9477, NULL, NULL),
(17, 9479, NULL, NULL),
(17, 75539, NULL, NULL),
(17, 3349, NULL, NULL),
(17, 6654, NULL, NULL),
(17, 6686, NULL, NULL),
(17, 9484, NULL, NULL),
(17, 9485, NULL, NULL),
(17, 9489, NULL, NULL),
(17, 9495, NULL, NULL),
(17, 9486, NULL, NULL),
(17, 16119, NULL, NULL),
(17, 62947, NULL, NULL),
(17, 75196, NULL, NULL),
(17, 97120, NULL, NULL),
(17, 6598, NULL, NULL),
(17, 6537, NULL, NULL),
(17, 9497, NULL, NULL),
(17, 9501, NULL, NULL),
(17, 45083, NULL, NULL),
(17, 45084, NULL, NULL),
(17, 81853, NULL, NULL),
(24, 9502, NULL, NULL),
(24, 9503, NULL, NULL),
(24, 9504, NULL, NULL),
(24, 65480, NULL, NULL),
(24, 65741, NULL, NULL),
(24, 76596, NULL, NULL),
(24, 3454, NULL, NULL),
(24, 65417, NULL, NULL),
(24, 6704, NULL, NULL),
(24, 8498, NULL, NULL),
(24, 9509, NULL, NULL),
(24, 8266, NULL, NULL),
(24, 9510, NULL, NULL),
(24, 9512, NULL, NULL),
(24, 9513, NULL, NULL),
(24, 9514, NULL, NULL),
(24, 16269, NULL, NULL),
(24, 2263, NULL, NULL),
(24, 6854, NULL, NULL),
(24, 6862, NULL, NULL),
(24, 9139, NULL, NULL),
(24, 9396, NULL, NULL),
(24, 9404, NULL, NULL),
(24, 9517, NULL, NULL),
(24, 9515, NULL, NULL),
(24, 9524, NULL, NULL),
(24, 9999, NULL, NULL),
(24, 15099, NULL, NULL),
(24, 114684, NULL, NULL),
(24, 125030, NULL, NULL),
(24, 303, NULL, NULL),
(24, 6510, NULL, NULL),
(24, 6839, NULL, NULL),
(24, 9528, NULL, NULL),
(24, 14613, NULL, NULL),
(29, 7741, NULL, NULL),
(29, 45569, NULL, NULL),
(29, 66757, NULL, NULL),
(29, 3836, NULL, NULL),
(29, 8263, NULL, NULL),
(29, 45571, NULL, NULL),
(29, 45573, NULL, NULL),
(29, 45578, NULL, NULL),
(29, 58511, NULL, NULL),
(29, 75707, NULL, NULL),
(29, 4001, NULL, NULL),
(29, 6630, NULL, NULL),
(29, 9493, NULL, NULL),
(29, 8187, NULL, NULL),
(29, 50341, NULL, NULL),
(29, 9136, NULL, NULL),
(29, 56837, NULL, NULL),
(29, 45586, NULL, NULL),
(29, 45580, NULL, NULL),
(29, 58276, NULL, NULL),
(29, 110812, NULL, NULL),
(29, 140813, NULL, NULL),
(29, 10341, NULL, NULL),
(29, 45592, NULL, NULL),
(29, 6810, NULL, NULL),
(29, 45590, NULL, NULL),
(1, 178, NULL, NULL),
(29, 45595, NULL, NULL),
(1, 179, NULL, NULL),
(1, 76619, NULL, NULL),
(1, 184, NULL, NULL),
(1, 189, NULL, NULL),
(1, 194, NULL, NULL),
(1, 231, NULL, NULL),
(1, 6820, NULL, NULL),
(1, 7710, NULL, NULL),
(1, 235, NULL, NULL),
(1, 8847, NULL, NULL),
(1, 9539, NULL, NULL),
(1, 130417, NULL, NULL),
(1, 200, NULL, NULL),
(1, 197, NULL, NULL),
(1, 202, NULL, NULL),
(1, 232, NULL, NULL),
(1, 3608, NULL, NULL),
(1, 8911, NULL, NULL),
(1, 9432, NULL, NULL),
(1, 9453, NULL, NULL),
(1, 9968, NULL, NULL),
(1, 99836, NULL, NULL),
(1, 319, NULL, NULL),
(666, 7267, NULL, NULL),
(666, 7250, NULL, NULL),
(666, 130044, NULL, NULL),
(666, 4657, NULL, NULL),
(666, 7274, NULL, NULL),
(666, 9244, NULL, NULL),
(666, 32046, NULL, NULL),
(666, 7565, NULL, NULL),
(666, 15870, NULL, NULL),
(666, 48595, NULL, NULL),
(666, 32153, NULL, NULL),
(666, 124714, NULL, NULL),
(666, 124715, NULL, NULL),
(666, 6637, NULL, NULL),
(666, 10996, NULL, NULL),
(666, 7276, NULL, NULL),
(666, 7737, NULL, NULL),
(666, 24508, NULL, NULL),
(666, 32156, NULL, NULL),
(671, 6931, NULL, NULL),
(666, 121013, NULL, NULL),
(666, 7253, NULL, NULL),
(666, 67880, NULL, NULL),
(666, 135116, NULL, NULL),
(666, 7255, NULL, NULL),
(666, 7490, NULL, NULL),
(666, 9419, NULL, NULL),
(666, 9861, NULL, NULL),
(666, 32136, NULL, NULL),
(666, 53277, NULL, NULL),
(666, 33800, NULL, NULL),
(671, 10358, NULL, NULL),
(671, 10756, NULL, NULL),
(671, 9634, NULL, NULL),
(671, 9808, NULL, NULL),
(671, 7536, NULL, NULL),
(671, 7509, NULL, NULL),
(671, 9733, NULL, NULL),
(671, 67976, NULL, NULL),
(671, 65418, NULL, NULL),
(671, 110815, NULL, NULL),
(671, 72767, NULL, NULL),
(671, 7345, NULL, NULL),
(671, 67907, NULL, NULL),
(671, 7348, NULL, NULL),
(671, 7350, NULL, NULL),
(671, 7353, NULL, NULL),
(671, 7354, NULL, NULL),
(671, 10547, NULL, NULL),
(671, 58446, NULL, NULL),
(671, 67889, NULL, NULL),
(671, 92196, NULL, NULL),
(671, 110916, NULL, NULL),
(671, 124711, NULL, NULL),
(671, 7359, NULL, NULL),
(671, 7363, NULL, NULL),
(671, 7364, NULL, NULL),
(671, 7365, NULL, NULL),
(671, 7451, NULL, NULL),
(671, 7663, NULL, NULL),
(671, 7765, NULL, NULL),
(671, 67892, NULL, NULL),
(675, 7460, NULL, NULL),
(675, 7461, NULL, NULL),
(675, 7462, NULL, NULL),
(675, 7486, NULL, NULL),
(675, 7466, NULL, NULL),
(675, 114787, NULL, NULL),
(675, 7463, NULL, NULL),
(675, 7468, NULL, NULL),
(675, 8396, NULL, NULL),
(675, 7467, NULL, NULL),
(675, 46046, NULL, NULL),
(675, 126737, NULL, NULL),
(675, 125220, NULL, NULL),
(675, 1817, NULL, NULL),
(675, 3782, NULL, NULL),
(675, 7470, NULL, NULL),
(675, 7474, NULL, NULL),
(675, 7975, NULL, NULL),
(675, 15948, NULL, NULL),
(675, 117427, NULL, NULL),
(675, 7472, NULL, NULL),
(675, 3469, NULL, NULL),
(675, 7478, NULL, NULL),
(675, 7480, NULL, NULL),
(675, 22040, NULL, NULL),
(675, 140290, NULL, NULL),
(675, 7983, NULL, NULL),
(675, 128715, NULL, NULL),
(675, 9591, NULL, NULL),
(668, 216, NULL, NULL),
(668, 7284, NULL, NULL),
(668, 7287, NULL, NULL),
(668, 101383, NULL, NULL),
(673, 7411, NULL, NULL),
(673, 7412, NULL, NULL),
(673, 9778, NULL, NULL),
(673, 7416, NULL, NULL),
(673, 7681, NULL, NULL),
(673, 7418, NULL, NULL),
(673, 7744, NULL, NULL),
(673, 27243, NULL, NULL),
(673, 31248, NULL, NULL),
(673, 53426, NULL, NULL),
(673, 81082, NULL, NULL),
(673, 3131, NULL, NULL),
(673, 5296, NULL, NULL),
(673, 7336, NULL, NULL),
(673, 7424, NULL, NULL),
(673, 7592, NULL, NULL),
(673, 113380, NULL, NULL),
(673, 124776, NULL, NULL),
(673, 124777, NULL, NULL),
(673, 2017, NULL, NULL),
(673, 38554, NULL, NULL),
(673, 38625, NULL, NULL),
(673, 102355, NULL, NULL),
(673, 136757, NULL, NULL),
(673, 116263, NULL, NULL),
(672, 7375, NULL, NULL),
(672, 80167, NULL, NULL),
(672, 43141, NULL, NULL),
(672, 124552, NULL, NULL),
(672, 192, NULL, NULL),
(672, 4683, NULL, NULL),
(672, 7378, NULL, NULL),
(672, 7379, NULL, NULL),
(672, 7384, NULL, NULL),
(672, 7390, NULL, NULL),
(672, 7753, NULL, NULL),
(672, 49220, NULL, NULL),
(672, 7471, NULL, NULL),
(672, 9997, NULL, NULL),
(672, 15990, NULL, NULL),
(672, 24805, NULL, NULL),
(672, 53470, NULL, NULL),
(672, 64186, NULL, NULL),
(672, 67299, NULL, NULL),
(672, 124551, NULL, NULL),
(672, 6538, NULL, NULL),
(672, 7370, NULL, NULL),
(672, 53408, NULL, NULL),
(672, 7408, NULL, NULL),
(672, 67896, NULL, NULL),
(672, 85577, NULL, NULL),
(672, 72768, NULL, NULL),
(674, 7435, NULL, NULL),
(674, 4041, NULL, NULL),
(674, 7286, NULL, NULL),
(674, 7436, NULL, NULL),
(674, 67958, NULL, NULL),
(674, 846, NULL, NULL),
(674, 7417, NULL, NULL),
(674, 1745, NULL, NULL),
(674, 7441, NULL, NULL),
(674, 7548, NULL, NULL),
(674, 7439, NULL, NULL),
(674, 9390, NULL, NULL),
(674, 67965, NULL, NULL),
(674, 102187, NULL, NULL),
(674, 7448, NULL, NULL),
(674, 7531, NULL, NULL),
(674, 7723, NULL, NULL),
(674, 7954, NULL, NULL),
(674, 39298, NULL, NULL),
(674, 67970, NULL, NULL),
(674, 80168, NULL, NULL),
(674, 97367, NULL, NULL),
(674, 122470, NULL, NULL),
(674, 127656, NULL, NULL),
(674, 7455, NULL, NULL),
(674, 7457, NULL, NULL),
(674, 7459, NULL, NULL),
(674, 8363, NULL, NULL),
(674, 9553, NULL, NULL),
(674, 81084, NULL, NULL),
(674, 99859, NULL, NULL),
(674, 102339, NULL, NULL),
(674, 9583, NULL, NULL),
(676, 7433, NULL, NULL),
(676, 7483, NULL, NULL),
(676, 9854, NULL, NULL),
(676, 67930, NULL, NULL),
(676, 82986, NULL, NULL),
(676, 396, NULL, NULL),
(676, 6579, NULL, NULL),
(676, 7487, NULL, NULL),
(676, 57507, NULL, NULL),
(676, 67943, NULL, NULL),
(676, 67941, NULL, NULL),
(676, 67944, NULL, NULL),
(676, 81083, NULL, NULL),
(676, 7236, NULL, NULL),
(676, 7271, NULL, NULL),
(676, 7361, NULL, NULL),
(676, 7447, NULL, NULL),
(676, 7496, NULL, NULL),
(676, 7495, NULL, NULL),
(676, 7499, NULL, NULL),
(676, 7501, NULL, NULL),
(676, 7502, NULL, NULL),
(676, 7684, NULL, NULL),
(676, 67825, NULL, NULL),
(676, 67946, NULL, NULL),
(676, 99025, NULL, NULL),
(676, 125688, NULL, NULL),
(676, 7506, NULL, NULL),
(676, 7508, NULL, NULL),
(676, 7568, NULL, NULL),
(676, 33014, NULL, NULL),
(676, 67301, NULL, NULL),
(676, 67979, NULL, NULL),
(676, 83162, NULL, NULL),
(676, 9557, NULL, NULL),
(680, 7434, NULL, NULL),
(680, 7608, NULL, NULL),
(680, 124801, NULL, NULL),
(680, 4143, NULL, NULL),
(680, 4230, NULL, NULL),
(680, 7613, NULL, NULL),
(680, 7619, NULL, NULL),
(680, 9101, NULL, NULL),
(680, 16005, NULL, NULL),
(680, 48492, NULL, NULL),
(680, 80283, NULL, NULL),
(680, 112889, NULL, NULL),
(680, 137324, NULL, NULL),
(680, 4308, NULL, NULL),
(680, 7623, NULL, NULL),
(680, 7624, NULL, NULL),
(680, 7625, NULL, NULL),
(680, 7627, NULL, NULL),
(680, 7629, NULL, NULL),
(680, 7630, NULL, NULL),
(680, 8074, NULL, NULL),
(680, 80284, NULL, NULL),
(680, 81802, NULL, NULL),
(680, 124800, NULL, NULL),
(680, 5419, NULL, NULL),
(680, 7510, NULL, NULL),
(680, 7639, NULL, NULL),
(680, 7636, NULL, NULL),
(680, 7776, NULL, NULL),
(680, 15729, NULL, NULL),
(680, 16220, NULL, NULL),
(680, 102193, NULL, NULL),
(680, 137046, NULL, NULL),
(680, 11742, NULL, NULL),
(680, 136741, NULL, NULL),
(679, 7546, NULL, NULL),
(679, 7578, NULL, NULL),
(679, 7579, NULL, NULL),
(679, 7438, NULL, NULL),
(679, 7443, NULL, NULL),
(679, 7584, NULL, NULL),
(679, 9859, NULL, NULL),
(679, 11413, NULL, NULL),
(679, 15774, NULL, NULL),
(679, 64612, NULL, NULL),
(679, 67886, NULL, NULL),
(1914, 7376, NULL, NULL),
(1914, 9813, NULL, NULL),
(1914, 9849, NULL, NULL),
(1914, 31025, NULL, NULL),
(1914, 64058, NULL, NULL),
(6806, 7610, NULL, NULL),
(6806, 7742, NULL, NULL),
(6806, 79708, NULL, NULL),
(6806, 111542, NULL, NULL),
(6806, 7321, NULL, NULL),
(6806, 7322, NULL, NULL),
(6806, 7324, NULL, NULL),
(6806, 7587, NULL, NULL),
(6806, 7745, NULL, NULL),
(6806, 9863, NULL, NULL),
(6806, 67961, NULL, NULL),
(6806, 37784, NULL, NULL),
(6806, 81049, NULL, NULL),
(6806, 133263, NULL, NULL),
(6806, 133763, NULL, NULL),
(6806, 7446, NULL, NULL),
(6806, 7231, NULL, NULL),
(6806, 7498, NULL, NULL),
(6806, 7759, NULL, NULL),
(6806, 7763, NULL, NULL),
(6806, 9662, NULL, NULL),
(6806, 9868, NULL, NULL),
(6806, 67968, NULL, NULL),
(6806, 115116, NULL, NULL),
(6806, 133762, NULL, NULL),
(6806, 7772, NULL, NULL),
(6806, 67978, NULL, NULL),
(6806, 97017, NULL, NULL),
(6806, 9586, NULL, NULL),
(516, 3356, NULL, NULL),
(521, 37094, NULL, NULL),
(521, 37134, NULL, NULL),
(521, 113434, NULL, NULL),
(521, 8406, NULL, NULL),
(521, 121864, NULL, NULL),
(521, 137512, NULL, NULL),
(521, 102047, NULL, NULL),
(521, 8094, NULL, NULL),
(521, 21652, NULL, NULL),
(521, 30299, NULL, NULL),
(521, 8811, NULL, NULL),
(521, 8569, NULL, NULL),
(521, 77891, NULL, NULL),
(521, 8381, NULL, NULL),
(521, 8413, NULL, NULL),
(521, 7988, NULL, NULL),
(521, 3119, NULL, NULL),
(521, 77892, NULL, NULL),
(521, 8547, NULL, NULL),
(521, 8492, NULL, NULL),
(521, 9434, NULL, NULL),
(521, 137513, NULL, NULL),
(521, 45098, NULL, NULL),
(521, 124379, NULL, NULL),
(521, 102054, NULL, NULL),
(516, 120988, NULL, NULL),
(516, 8342, NULL, NULL),
(516, 8344, NULL, NULL),
(516, 8346, NULL, NULL),
(516, 137322, NULL, NULL),
(516, 8350, NULL, NULL),
(516, 10206, NULL, NULL),
(516, 33108, NULL, NULL),
(516, 99814, NULL, NULL),
(516, 133292, NULL, NULL),
(516, 1812, NULL, NULL),
(516, 119063, NULL, NULL),
(516, 3607, NULL, NULL),
(516, 8352, NULL, NULL),
(516, 8353, NULL, NULL),
(516, 8355, NULL, NULL),
(516, 8695, NULL, NULL),
(516, 99815, NULL, NULL),
(516, 8356, NULL, NULL),
(516, 98378, NULL, NULL),
(516, 3370, NULL, NULL),
(516, 8360, NULL, NULL),
(516, 8361, NULL, NULL),
(516, 10190, NULL, NULL),
(516, 11707, NULL, NULL),
(516, 120990, NULL, NULL),
(516, 125667, NULL, NULL),
(516, 120989, NULL, NULL),
(521, 1132, NULL, NULL),
(521, 3245, NULL, NULL),
(521, 8390, NULL, NULL),
(521, 23128, NULL, NULL),
(521, 25504, NULL, NULL),
(521, 29622, NULL, NULL),
(524, 76722, NULL, NULL),
(524, 357, NULL, NULL),
(524, 127127, NULL, NULL),
(524, 3214, NULL, NULL),
(524, 117957, NULL, NULL),
(524, 3627, NULL, NULL),
(524, 3179, NULL, NULL),
(524, 3210, NULL, NULL),
(524, 128453, NULL, NULL),
(524, 7904, NULL, NULL),
(524, 8482, NULL, NULL),
(524, 3170, NULL, NULL),
(524, 3374, NULL, NULL),
(524, 2014, NULL, NULL),
(524, 8491, NULL, NULL),
(524, 7963, NULL, NULL),
(524, 130668, NULL, NULL),
(524, 72766, NULL, NULL),
(522, 8418, NULL, NULL),
(522, 8420, NULL, NULL),
(522, 8421, NULL, NULL),
(522, 20, NULL, NULL),
(522, 8424, NULL, NULL),
(522, 3623, NULL, NULL),
(522, 8425, NULL, NULL),
(522, 8426, NULL, NULL),
(522, 8429, NULL, NULL),
(522, 8613, NULL, NULL),
(522, 9002, NULL, NULL),
(522, 1004, NULL, NULL),
(522, 137675, NULL, NULL),
(522, 2100, NULL, NULL),
(522, 8433, NULL, NULL),
(522, 8434, NULL, NULL),
(522, 8439, NULL, NULL),
(522, 8488, NULL, NULL),
(522, 45394, NULL, NULL),
(522, 99251, NULL, NULL),
(522, 115015, NULL, NULL),
(522, 123508, NULL, NULL),
(522, 135474, NULL, NULL),
(522, 137674, NULL, NULL),
(522, 608, NULL, NULL),
(522, 7570, NULL, NULL),
(522, 8447, NULL, NULL),
(522, 8473, NULL, NULL),
(522, 126956, NULL, NULL),
(522, 15924, NULL, NULL),
(522, 72772, NULL, NULL),
(522, 128710, NULL, NULL),
(522, 45076, NULL, NULL),
(524, 51, NULL, NULL),
(524, 55, NULL, NULL),
(524, 77344, NULL, NULL),
(524, 135090, NULL, NULL),
(524, 3224, NULL, NULL),
(524, 3363, NULL, NULL),
(524, 3225, NULL, NULL),
(524, 3650, NULL, NULL),
(524, 6493, NULL, NULL),
(524, 6625, NULL, NULL),
(524, 7555, NULL, NULL),
(524, 8478, NULL, NULL),
(524, 74, NULL, NULL),
(576, 451, NULL, NULL),
(576, 788, NULL, NULL),
(576, 8782, NULL, NULL),
(576, 8787, NULL, NULL),
(576, 8789, NULL, NULL),
(576, 8790, NULL, NULL),
(576, 8899, NULL, NULL),
(576, 122511, NULL, NULL),
(576, 122510, NULL, NULL),
(576, 8815, NULL, NULL),
(576, 723, NULL, NULL),
(576, 8706, NULL, NULL),
(576, 8794, NULL, NULL),
(576, 1043, NULL, NULL),
(576, 127036, NULL, NULL),
(576, 15918, NULL, NULL),
(576, 45124, NULL, NULL),
(576, 45123, NULL, NULL),
(528, 2345, NULL, NULL),
(528, 3827, NULL, NULL),
(528, 98755, NULL, NULL),
(528, 500, NULL, NULL),
(528, 136117, NULL, NULL),
(528, 3697, NULL, NULL),
(528, 4449, NULL, NULL),
(528, 8557, NULL, NULL),
(528, 8561, NULL, NULL),
(528, 80173, NULL, NULL),
(528, 45106, NULL, NULL),
(528, 81191, NULL, NULL),
(528, 135095, NULL, NULL),
(528, 8562, NULL, NULL),
(528, 1614, NULL, NULL),
(528, 8564, NULL, NULL),
(528, 8409, NULL, NULL),
(528, 8563, NULL, NULL),
(528, 8129, NULL, NULL),
(528, 8565, NULL, NULL),
(528, 43707, NULL, NULL),
(528, 794, NULL, NULL),
(528, 101745, NULL, NULL),
(528, 8573, NULL, NULL),
(528, 123648, NULL, NULL),
(528, 6332, NULL, NULL),
(528, 28129, NULL, NULL),
(528, 101741, NULL, NULL),
(529, 805, NULL, NULL),
(529, 125678, NULL, NULL),
(529, 15875, NULL, NULL),
(529, 131261, NULL, NULL),
(528, 120992, NULL, NULL),
(529, 684, NULL, NULL),
(529, 8317, NULL, NULL),
(529, 812, NULL, NULL),
(529, 8453, NULL, NULL),
(529, 8804, NULL, NULL),
(529, 8807, NULL, NULL),
(529, 8808, NULL, NULL),
(529, 37428, NULL, NULL),
(529, 8809, NULL, NULL),
(529, 114915, NULL, NULL),
(529, 636, NULL, NULL),
(529, 121, NULL, NULL),
(529, 856, NULL, NULL),
(529, 8647, NULL, NULL),
(529, 8683, NULL, NULL),
(529, 8788, NULL, NULL),
(529, 8814, NULL, NULL),
(529, 8816, NULL, NULL),
(529, 8818, NULL, NULL),
(529, 15801, NULL, NULL),
(529, 102343, NULL, NULL),
(529, 2302, NULL, NULL),
(529, 3633, NULL, NULL),
(529, 80175, NULL, NULL),
(529, 102430, NULL, NULL),
(529, 124620, NULL, NULL),
(529, 99974, NULL, NULL),
(530, 8315, NULL, NULL),
(530, 8579, NULL, NULL),
(530, 2413, NULL, NULL),
(530, 3064, NULL, NULL),
(530, 8427, NULL, NULL),
(530, 8585, NULL, NULL),
(530, 8586, NULL, NULL),
(530, 8587, NULL, NULL),
(530, 16649, NULL, NULL),
(530, 72557, NULL, NULL),
(530, 80307, NULL, NULL),
(530, 121279, NULL, NULL),
(530, 127144, NULL, NULL),
(530, 1044, NULL, NULL),
(530, 2426, NULL, NULL),
(530, 3813, NULL, NULL),
(530, 8302, NULL, NULL),
(530, 8592, NULL, NULL),
(530, 8596, NULL, NULL),
(530, 8599, NULL, NULL),
(530, 8601, NULL, NULL),
(530, 46647, NULL, NULL),
(530, 127014, NULL, NULL),
(530, 211, NULL, NULL),
(530, 3635, NULL, NULL),
(530, 8312, NULL, NULL),
(530, 8385, NULL, NULL),
(530, 8603, NULL, NULL),
(530, 8606, NULL, NULL),
(530, 9409, NULL, NULL),
(530, 125218, NULL, NULL),
(530, 76693, NULL, NULL),
(545, 587, NULL, NULL),
(545, 8769, NULL, NULL),
(545, 99584, NULL, NULL),
(545, 935, NULL, NULL),
(545, 3595, NULL, NULL),
(545, 8717, NULL, NULL),
(545, 8752, NULL, NULL),
(545, 30573, NULL, NULL),
(545, 30597, NULL, NULL),
(545, 137323, NULL, NULL),
(545, 142789, NULL, NULL),
(545, 142790, NULL, NULL),
(545, 418, NULL, NULL),
(545, 456, NULL, NULL),
(545, 8537, NULL, NULL),
(545, 8727, NULL, NULL),
(545, 8739, NULL, NULL),
(545, 8759, NULL, NULL),
(545, 9141, NULL, NULL),
(545, 49206, NULL, NULL),
(545, 133553, NULL, NULL),
(545, 724, NULL, NULL),
(545, 78133, NULL, NULL),
(545, 7669, NULL, NULL),
(545, 1038, NULL, NULL),
(545, 8740, NULL, NULL),
(545, 8742, NULL, NULL),
(545, 133786, NULL, NULL),
(545, 136646, NULL, NULL),
(545, 45122, NULL, NULL),
(545, 64798, NULL, NULL),
(545, 143815, NULL, NULL),
(547, 802, NULL, NULL),
(547, 3429, NULL, NULL),
(547, 8608, NULL, NULL),
(547, 114665, NULL, NULL),
(547, 742, NULL, NULL),
(547, 809, NULL, NULL),
(547, 810, NULL, NULL),
(547, 813, NULL, NULL),
(547, 814, NULL, NULL),
(547, 10881, NULL, NULL),
(547, 37432, NULL, NULL),
(547, 816, NULL, NULL),
(547, 822, NULL, NULL),
(547, 823, NULL, NULL),
(547, 824, NULL, NULL),
(547, 826, NULL, NULL),
(547, 7422, NULL, NULL),
(547, 8623, NULL, NULL),
(547, 8908, NULL, NULL),
(547, 9399, NULL, NULL),
(547, 15827, NULL, NULL),
(547, 30727, NULL, NULL),
(547, 34754, NULL, NULL),
(547, 49297, NULL, NULL),
(547, 38522, NULL, NULL),
(547, 98299, NULL, NULL),
(547, 7574, NULL, NULL),
(547, 82141, NULL, NULL),
(547, 82426, NULL, NULL),
(547, 110957, NULL, NULL),
(547, 115639, NULL, NULL),
(547, 125668, NULL, NULL),
(547, 140773, NULL, NULL),
(547, 67984, NULL, NULL),
(547, 1062, NULL, NULL),
(547, 102416, NULL, NULL),
(576, 3260, NULL, NULL),
(576, 3643, NULL, NULL),
(576, 8771, NULL, NULL),
(576, 122509, NULL, NULL),
(576, 4046, NULL, NULL),
(576, 62, NULL, NULL),
(576, 8323, NULL, NULL),
(576, 8773, NULL, NULL),
(576, 8778, NULL, NULL),
(576, 8785, NULL, NULL),
(576, 116196, NULL, NULL),
(576, 80353, NULL, NULL),
(790, 84519, NULL, NULL),
(790, 16480, NULL, NULL),
(790, 43503, NULL, NULL),
(790, 163, NULL, NULL),
(790, 8922, NULL, NULL),
(790, 16185, NULL, NULL),
(790, 28872, NULL, NULL),
(790, 16186, NULL, NULL),
(790, 29016, NULL, NULL),
(790, 136066, NULL, NULL),
(794, 63855, NULL, NULL),
(790, 29215, NULL, NULL),
(794, 1797, NULL, NULL),
(794, 2022, NULL, NULL),
(794, 136, NULL, NULL),
(794, 8086, NULL, NULL),
(794, 3529, NULL, NULL),
(794, 3531, NULL, NULL),
(794, 2356, NULL, NULL),
(794, 2249, NULL, NULL),
(794, 2263, NULL, NULL),
(794, 2097, NULL, NULL),
(794, 3534, NULL, NULL),
(794, 3528, NULL, NULL),
(794, 3536, NULL, NULL),
(794, 5073, NULL, NULL),
(794, 3539, NULL, NULL),
(794, 3538, NULL, NULL),
(794, 3540, NULL, NULL),
(794, 10201, NULL, NULL),
(794, 7505, NULL, NULL),
(794, 64399, NULL, NULL),
(794, 371, NULL, NULL),
(794, 3542, NULL, NULL),
(794, 64415, NULL, NULL),
(794, 64233, NULL, NULL),
(794, 10203, NULL, NULL),
(794, 64418, NULL, NULL),
(798, 9441, NULL, NULL),
(784, 1731, NULL, NULL),
(784, 1829, NULL, NULL),
(784, 2274, NULL, NULL),
(784, 2344, NULL, NULL),
(784, 1740, NULL, NULL),
(784, 1962, NULL, NULL),
(784, 1837, NULL, NULL),
(784, 1744, NULL, NULL),
(784, 1776, NULL, NULL),
(784, 2180, NULL, NULL),
(784, 7809, NULL, NULL),
(784, 1811, NULL, NULL),
(784, 2487, NULL, NULL),
(784, 1780, NULL, NULL),
(784, 1886, NULL, NULL),
(784, 1911, NULL, NULL),
(784, 2013, NULL, NULL),
(784, 2230, NULL, NULL),
(784, 2040, NULL, NULL),
(784, 2094, NULL, NULL),
(784, 83570, NULL, NULL),
(784, 2563, NULL, NULL),
(784, 2092, NULL, NULL),
(784, 49458, NULL, NULL),
(784, 2298, NULL, NULL),
(784, 1823, NULL, NULL),
(784, 2676, NULL, NULL),
(790, 28995, NULL, NULL),
(784, 2076, NULL, NULL),
(790, 16464, NULL, NULL),
(784, 141332, NULL, NULL),
(790, 16166, NULL, NULL),
(790, 16165, NULL, NULL),
(790, 29046, NULL, NULL),
(790, 15466, NULL, NULL),
(790, 16213, NULL, NULL),
(790, 16469, NULL, NULL),
(790, 16475, NULL, NULL),
(790, 6504, NULL, NULL),
(790, 8974, NULL, NULL),
(790, 9038, NULL, NULL),
(790, 16171, NULL, NULL),
(790, 16170, NULL, NULL),
(790, 16173, NULL, NULL),
(790, 16478, NULL, NULL),
(8601, 7703, NULL, NULL),
(8601, 7478, NULL, NULL),
(790, 16175, NULL, NULL),
(8601, 7452, NULL, NULL),
(8601, 8472, NULL, NULL),
(8601, 15952, NULL, NULL),
(8601, 11591, NULL, NULL),
(8601, 16148, NULL, NULL),
(8601, 8275, NULL, NULL),
(798, 16037, NULL, NULL),
(798, 16210, NULL, NULL),
(798, 3961, NULL, NULL),
(798, 8966, NULL, NULL),
(798, 15772, NULL, NULL),
(798, 15731, NULL, NULL),
(798, 15742, NULL, NULL),
(798, 62623, NULL, NULL),
(798, 16218, NULL, NULL),
(798, 30372, NULL, NULL),
(798, 62631, NULL, NULL),
(798, 317, NULL, NULL),
(798, 2128, NULL, NULL),
(798, 1878, NULL, NULL),
(798, 6556, NULL, NULL),
(798, 15728, NULL, NULL),
(798, 15767, NULL, NULL),
(798, 24249, NULL, NULL),
(798, 30583, NULL, NULL),
(798, 62535, NULL, NULL),
(798, 62635, NULL, NULL),
(798, 15766, NULL, NULL),
(798, 62529, NULL, NULL),
(798, 62672, NULL, NULL),
(798, 92489, NULL, NULL),
(803, 16641, NULL, NULL),
(803, 9154, NULL, NULL),
(803, 30283, NULL, NULL),
(798, 15745, NULL, NULL),
(803, 9475, NULL, NULL),
(803, 29518, NULL, NULL),
(803, 9512, NULL, NULL),
(803, 29622, NULL, NULL),
(803, 10647, NULL, NULL),
(803, 29895, NULL, NULL),
(803, 30354, NULL, NULL),
(803, 30511, NULL, NULL),
(803, 37118, NULL, NULL),
(803, 30548, NULL, NULL),
(803, 1754, NULL, NULL),
(803, 1818, NULL, NULL),
(803, 30507, NULL, NULL),
(803, 9397, NULL, NULL),
(803, 16653, NULL, NULL),
(803, 16655, NULL, NULL),
(803, 30391, NULL, NULL),
(803, 16651, NULL, NULL),
(803, 30299, NULL, NULL),
(803, 30395, NULL, NULL),
(803, 30297, NULL, NULL),
(803, 30415, NULL, NULL),
(803, 30477, NULL, NULL),
(803, 30599, NULL, NULL),
(803, 7854, NULL, NULL),
(803, 30323, NULL, NULL),
(803, 303, NULL, NULL),
(803, 80581, NULL, NULL),
(803, 33132, NULL, NULL),
(803, 100393, NULL, NULL),
(1976, 6696, NULL, NULL),
(1976, 2352, NULL, NULL),
(1976, 23926, NULL, NULL),
(1976, 7259, NULL, NULL),
(803, 15959, NULL, NULL),
(1976, 4258, NULL, NULL),
(1976, 24093, NULL, NULL),
(1976, 55853, NULL, NULL),
(1976, 81296, NULL, NULL),
(1976, 55904, NULL, NULL),
(1976, 7264, NULL, NULL),
(1976, 72730, NULL, NULL),
(1976, 15426, NULL, NULL),
(1976, 24025, NULL, NULL),
(1976, 24198, NULL, NULL),
(1976, 31138, NULL, NULL),
(1976, 34522, NULL, NULL),
(1976, 38543, NULL, NULL),
(1976, 42887, NULL, NULL),
(1976, 77033, NULL, NULL),
(1976, 55869, NULL, NULL),
(1976, 6479, NULL, NULL),
(1976, 24121, NULL, NULL),
(1976, 136070, NULL, NULL),
(1976, 55750, NULL, NULL),
(1976, 80387, NULL, NULL),
(8601, 7433, NULL, NULL),
(8601, 7675, NULL, NULL),
(8601, 2053, NULL, NULL),
(8601, 7417, NULL, NULL),
(8601, 7549, NULL, NULL),
(8601, 7547, NULL, NULL),
(8601, 7869, NULL, NULL),
(8601, 15860, NULL, NULL),
(8601, 7899, NULL, NULL),
(8601, 8146, NULL, NULL),
(8601, 8240, NULL, NULL),
(8601, 1812, NULL, NULL),
(8601, 7556, NULL, NULL),
(8601, 7690, NULL, NULL),
(8601, 7559, NULL, NULL),
(8601, 1848, NULL, NULL),
(8601, 7871, NULL, NULL),
(8601, 7697, NULL, NULL),
(98, 1731, NULL, NULL),
(98, 1750, NULL, NULL),
(98, 1754, NULL, NULL),
(98, 1753, NULL, NULL),
(98, 2494, NULL, NULL),
(98, 1755, NULL, NULL),
(98, 1734, NULL, NULL),
(98, 8229, NULL, NULL),
(98, 56, NULL, NULL),
(98, 71, NULL, NULL),
(98, 1738, NULL, NULL),
(98, 1740, NULL, NULL),
(98, 1742, NULL, NULL),
(98, 1973, NULL, NULL),
(98, 1746, NULL, NULL),
(98, 1542, NULL, NULL),
(98, 1543, NULL, NULL),
(98, 1747, NULL, NULL),
(98, 3557, NULL, NULL),
(98, 8858, NULL, NULL),
(98, 2505, NULL, NULL),
(98, 11688, NULL, NULL),
(98, 33126, NULL, NULL),
(98, 15892, NULL, NULL),
(98, 136113, NULL, NULL),
(98, 10998, NULL, NULL),
(99, 1779, NULL, NULL),
(99, 1766, NULL, NULL),
(99, 140785, NULL, NULL),
(99, 1780, NULL, NULL),
(99, 73064, NULL, NULL),
(99, 354, NULL, NULL),
(99, 1784, NULL, NULL),
(99, 1867, NULL, NULL),
(99, 1769, NULL, NULL),
(99, 2476, NULL, NULL),
(99, 1772, NULL, NULL),
(99, 1775, NULL, NULL),
(99, 1999, NULL, NULL),
(99, 2059, NULL, NULL),
(99, 2213, NULL, NULL),
(99, 2185, NULL, NULL),
(99, 2310, NULL, NULL),
(99, 10777, NULL, NULL),
(99, 8761, NULL, NULL),
(99, 22552, NULL, NULL),
(99, 2194, NULL, NULL),
(99, 50201, NULL, NULL),
(99, 1757, NULL, NULL),
(99, 1790, NULL, NULL),
(99, 2676, NULL, NULL),
(99, 1792, NULL, NULL),
(99, 82002, NULL, NULL),
(99, 11106, NULL, NULL),
(100, 1169, NULL, NULL),
(100, 1842, NULL, NULL),
(100, 2013, NULL, NULL),
(100, 1844, NULL, NULL),
(100, 7561, NULL, NULL),
(100, 2099, NULL, NULL),
(100, 8483, NULL, NULL),
(100, 33150, NULL, NULL),
(100, 32510, NULL, NULL),
(100, 7795, NULL, NULL),
(100, 1822, NULL, NULL),
(100, 1761, NULL, NULL),
(100, 16490, NULL, NULL),
(100, 1861, NULL, NULL),
(100, 32695, NULL, NULL),
(100, 1801, NULL, NULL),
(100, 1800, NULL, NULL),
(100, 1804, NULL, NULL),
(100, 1802, NULL, NULL),
(100, 1837, NULL, NULL),
(100, 7807, NULL, NULL),
(100, 7896, NULL, NULL),
(100, 1081, NULL, NULL),
(100, 1783, NULL, NULL),
(100, 1996, NULL, NULL),
(100, 30354, NULL, NULL),
(100, 1814, NULL, NULL),
(100, 1818, NULL, NULL),
(100, 1819, NULL, NULL),
(102, 1838, NULL, NULL),
(102, 1836, NULL, NULL),
(102, 80166, NULL, NULL),
(102, 101439, NULL, NULL),
(102, 1840, NULL, NULL),
(102, 1841, NULL, NULL),
(102, 1845, NULL, NULL),
(102, 2315, NULL, NULL),
(102, 3553, NULL, NULL),
(102, 1848, NULL, NULL),
(102, 1847, NULL, NULL),
(102, 8438, NULL, NULL),
(102, 8974, NULL, NULL),
(102, 123753, NULL, NULL),
(102, 2271, NULL, NULL),
(102, 10989, NULL, NULL),
(102, 57, NULL, NULL),
(104, 1892, NULL, NULL),
(104, 1897, NULL, NULL),
(102, 102591, NULL, NULL),
(104, 1895, NULL, NULL),
(104, 15512, NULL, NULL),
(104, 1898, NULL, NULL),
(104, 1803, NULL, NULL),
(104, 1905, NULL, NULL),
(104, 1936, NULL, NULL),
(104, 7866, NULL, NULL),
(104, 105441, NULL, NULL),
(104, 1907, NULL, NULL),
(104, 1813, NULL, NULL),
(104, 1910, NULL, NULL),
(104, 1915, NULL, NULL),
(104, 1913, NULL, NULL),
(104, 1942, NULL, NULL),
(104, 2098, NULL, NULL),
(104, 3168, NULL, NULL),
(104, 2363, NULL, NULL),
(104, 7444, NULL, NULL),
(104, 137506, NULL, NULL),
(104, 28708, NULL, NULL),
(104, 1789, NULL, NULL),
(104, 1925, NULL, NULL),
(104, 2370, NULL, NULL),
(104, 86197, NULL, NULL),
(104, 11107, NULL, NULL),
(108, 1991, NULL, NULL),
(108, 1992, NULL, NULL),
(108, 1993, NULL, NULL),
(108, 111, NULL, NULL),
(108, 1776, NULL, NULL),
(108, 1834, NULL, NULL),
(108, 1995, NULL, NULL),
(108, 1998, NULL, NULL),
(108, 2053, NULL, NULL),
(108, 1911, NULL, NULL),
(108, 2003, NULL, NULL),
(108, 2005, NULL, NULL),
(108, 2006, NULL, NULL),
(108, 2007, NULL, NULL),
(108, 2008, NULL, NULL),
(108, 2009, NULL, NULL),
(108, 2033, NULL, NULL),
(108, 2197, NULL, NULL),
(108, 3317, NULL, NULL),
(108, 3389, NULL, NULL),
(108, 3459, NULL, NULL),
(108, 3220, NULL, NULL),
(108, 3662, NULL, NULL),
(108, 7911, NULL, NULL),
(108, 114054, NULL, NULL),
(108, 11102, NULL, NULL),
(108, 11583, NULL, NULL),
(102, 1767, NULL, NULL),
(102, 1829, NULL, NULL),
(102, 1748, NULL, NULL),
(102, 1830, NULL, NULL),
(102, 1832, NULL, NULL),
(102, 1833, NULL, NULL),
(102, 1835, NULL, NULL),
(110, 2050, NULL, NULL),
(110, 2051, NULL, NULL),
(110, 9363, NULL, NULL),
(110, 2057, NULL, NULL),
(110, 2180, NULL, NULL),
(110, 2055, NULL, NULL),
(110, 2450, NULL, NULL),
(110, 15522, NULL, NULL),
(110, 2061, NULL, NULL),
(110, 102163, NULL, NULL),
(110, 77, NULL, NULL),
(110, 2052, NULL, NULL),
(110, 2062, NULL, NULL),
(110, 2065, NULL, NULL),
(110, 2066, NULL, NULL),
(110, 2071, NULL, NULL),
(110, 2068, NULL, NULL),
(110, 2329, NULL, NULL),
(110, 2069, NULL, NULL),
(110, 2358, NULL, NULL),
(110, 32230, NULL, NULL),
(110, 81941, NULL, NULL),
(110, 2076, NULL, NULL),
(110, 2077, NULL, NULL),
(110, 128039, NULL, NULL),
(110, 7638, NULL, NULL),
(110, 11004, NULL, NULL),
(110, 2079, NULL, NULL),
(103, 1797, NULL, NULL),
(103, 1860, NULL, NULL),
(103, 56634, NULL, NULL),
(103, 74293, NULL, NULL),
(103, 2113, NULL, NULL),
(103, 1866, NULL, NULL),
(103, 1939, NULL, NULL),
(103, 2832, NULL, NULL),
(103, 7550, NULL, NULL),
(103, 8869, NULL, NULL),
(103, 9034, NULL, NULL),
(103, 15950, NULL, NULL),
(103, 1883, NULL, NULL),
(103, 1878, NULL, NULL),
(103, 1886, NULL, NULL),
(103, 15354, NULL, NULL),
(103, 1890, NULL, NULL),
(103, 141444, NULL, NULL),
(103, 9770, NULL, NULL),
(103, 1856, NULL, NULL),
(103, 33116, NULL, NULL),
(103, 46346, NULL, NULL),
(103, 15534, NULL, NULL),
(103, 33129, NULL, NULL),
(103, 137505, NULL, NULL),
(103, 99229, NULL, NULL),
(103, 98275, NULL, NULL),
(103, 24236, NULL, NULL),
(103, 11027, NULL, NULL),
(107, 1959, NULL, NULL),
(107, 2187, NULL, NULL),
(107, 2048, NULL, NULL),
(107, 2276, NULL, NULL),
(107, 1964, NULL, NULL),
(107, 1831, NULL, NULL),
(107, 1737, NULL, NULL),
(107, 2279, NULL, NULL),
(107, 45735, NULL, NULL),
(107, 3451, NULL, NULL),
(107, 49444, NULL, NULL),
(107, 1943, NULL, NULL),
(107, 8393, NULL, NULL),
(107, 2130, NULL, NULL),
(107, 2034, NULL, NULL),
(107, 3458, NULL, NULL),
(107, 2199, NULL, NULL),
(107, 2596, NULL, NULL),
(107, 64080, NULL, NULL),
(107, 3464, NULL, NULL),
(107, 14, NULL, NULL),
(107, 31017, NULL, NULL),
(107, 1888, NULL, NULL),
(107, 1985, NULL, NULL),
(107, 2016, NULL, NULL),
(107, 2299, NULL, NULL),
(107, 2536, NULL, NULL),
(107, 2707, NULL, NULL),
(107, 11042, NULL, NULL),
(107, 2950, NULL, NULL),
(109, 2019, NULL, NULL),
(109, 2022, NULL, NULL),
(109, 2023, NULL, NULL),
(109, 2028, NULL, NULL),
(109, 2025, NULL, NULL),
(109, 2027, NULL, NULL),
(109, 2030, NULL, NULL),
(109, 1744, NULL, NULL),
(109, 7881, NULL, NULL),
(109, 37118, NULL, NULL),
(109, 7549, NULL, NULL),
(109, 2036, NULL, NULL),
(109, 2035, NULL, NULL),
(109, 2037, NULL, NULL),
(109, 2039, NULL, NULL),
(109, 2041, NULL, NULL),
(109, 7791, NULL, NULL),
(109, 3368, NULL, NULL),
(109, 2040, NULL, NULL),
(109, 2042, NULL, NULL),
(109, 2047, NULL, NULL),
(109, 10983, NULL, NULL),
(109, 44, NULL, NULL),
(109, 2046, NULL, NULL),
(113, 3722, NULL, NULL),
(113, 2344, NULL, NULL),
(113, 2088, NULL, NULL),
(113, 1798, NULL, NULL),
(113, 2086, NULL, NULL),
(113, 2084, NULL, NULL),
(113, 2090, NULL, NULL),
(113, 8106, NULL, NULL),
(113, 2092, NULL, NULL),
(113, 2487, NULL, NULL),
(113, 3436, NULL, NULL),
(113, 8398, NULL, NULL),
(113, 22, NULL, NULL),
(113, 2483, NULL, NULL),
(113, 2097, NULL, NULL),
(113, 2096, NULL, NULL),
(113, 2193, NULL, NULL),
(113, 9544, NULL, NULL),
(113, 30629, NULL, NULL),
(113, 7557, NULL, NULL),
(113, 33628, NULL, NULL),
(113, 2103, NULL, NULL),
(113, 2105, NULL, NULL),
(113, 3306, NULL, NULL),
(113, 2104, NULL, NULL),
(113, 8007, NULL, NULL),
(113, 11088, NULL, NULL),
(115, 2142, NULL, NULL),
(115, 40648, NULL, NULL),
(115, 1367, NULL, NULL),
(115, 46554, NULL, NULL),
(115, 1874, NULL, NULL),
(115, 2119, NULL, NULL),
(115, 2117, NULL, NULL),
(115, 3381, NULL, NULL),
(115, 7254, NULL, NULL),
(115, 8108, NULL, NULL),
(115, 8127, NULL, NULL),
(115, 2126, NULL, NULL),
(115, 2127, NULL, NULL),
(115, 2134, NULL, NULL),
(115, 2230, NULL, NULL),
(115, 2424, NULL, NULL),
(115, 3500, NULL, NULL),
(115, 6532, NULL, NULL),
(115, 2139, NULL, NULL),
(115, 2432, NULL, NULL),
(115, 8131, NULL, NULL),
(115, 3543, NULL, NULL),
(115, 133968, NULL, NULL),
(471, 2175, NULL, NULL),
(471, 2176, NULL, NULL),
(471, 41384, NULL, NULL),
(471, 98600, NULL, NULL),
(471, 162, NULL, NULL),
(471, 1902, NULL, NULL),
(471, 2087, NULL, NULL),
(471, 2181, NULL, NULL),
(471, 2188, NULL, NULL),
(471, 2250, NULL, NULL),
(471, 2592, NULL, NULL),
(471, 10647, NULL, NULL),
(471, 83697, NULL, NULL),
(471, 43256, NULL, NULL),
(471, 1751, NULL, NULL),
(471, 2190, NULL, NULL),
(471, 2334, NULL, NULL),
(471, 2499, NULL, NULL),
(471, 4121, NULL, NULL),
(471, 8210, NULL, NULL),
(471, 8440, NULL, NULL),
(471, 30087, NULL, NULL),
(471, 98966, NULL, NULL),
(471, 119163, NULL, NULL),
(471, 1824, NULL, NULL),
(471, 2506, NULL, NULL),
(471, 2202, NULL, NULL),
(471, 114117, NULL, NULL),
(471, 11109, NULL, NULL),
(584, 1929, NULL, NULL),
(584, 3087, NULL, NULL),
(584, 56649, NULL, NULL),
(584, 2089, NULL, NULL),
(584, 2149, NULL, NULL),
(584, 2249, NULL, NULL),
(584, 2251, NULL, NULL),
(584, 2831, NULL, NULL),
(584, 8965, NULL, NULL),
(584, 7748, NULL, NULL),
(584, 1947, NULL, NULL),
(584, 99358, NULL, NULL),
(584, 1979, NULL, NULL),
(584, 2128, NULL, NULL),
(584, 8082, NULL, NULL),
(584, 2255, NULL, NULL),
(584, 2258, NULL, NULL),
(584, 2264, NULL, NULL),
(584, 4149, NULL, NULL),
(584, 6527, NULL, NULL),
(584, 11698, NULL, NULL),
(584, 2373, NULL, NULL),
(584, 1956, NULL, NULL),
(584, 7421, NULL, NULL),
(584, 2268, NULL, NULL),
(584, 2434, NULL, NULL),
(584, 8101, NULL, NULL),
(584, 45118, NULL, NULL),
(586, 2274, NULL, NULL),
(586, 2577, NULL, NULL),
(586, 2648, NULL, NULL),
(586, 1106, NULL, NULL),
(586, 1962, NULL, NULL),
(586, 2281, NULL, NULL),
(586, 2283, NULL, NULL),
(586, 2284, NULL, NULL),
(586, 3386, NULL, NULL),
(586, 8689, NULL, NULL),
(586, 113375, NULL, NULL),
(586, 1880, NULL, NULL),
(586, 2290, NULL, NULL),
(586, 2292, NULL, NULL),
(586, 2294, NULL, NULL),
(586, 2295, NULL, NULL),
(586, 8513, NULL, NULL),
(586, 2297, NULL, NULL),
(586, 2298, NULL, NULL),
(586, 32938, NULL, NULL),
(586, 2301, NULL, NULL),
(586, 33152, NULL, NULL),
(586, 2303, NULL, NULL),
(586, 40484, NULL, NULL);

-- --------------------------------------------------------

--
-- Estructura de tabla para la tabla `combinados_participan_en_competiciones`
--

DROP TABLE IF EXISTS `combinados_participan_en_competiciones`;
CREATE TABLE IF NOT EXISTS `combinados_participan_en_competiciones` (
  `ID_Combinado` int(5) NOT NULL,
  `ID_Competicion` int(3) NOT NULL,
  `Puntos` int(3) DEFAULT NULL,
  `Anotaciones_Favor` int(5) DEFAULT NULL,
  `Anotaciones_Contra` int(5) DEFAULT NULL,
  PRIMARY KEY (`ID_Combinado`,`ID_Competicion`),
  KEY `ID_Competicion` (`ID_Competicion`)
) ENGINE=MyISAM DEFAULT CHARSET=latin1;

--
-- Volcado de datos para la tabla `combinados_participan_en_competiciones`
--

INSERT INTO `combinados_participan_en_competiciones` (`ID_Combinado`, `ID_Competicion`, `Puntos`, `Anotaciones_Favor`, `Anotaciones_Contra`) VALUES
(758, 2000, NULL, NULL, NULL),
(759, 2000, NULL, NULL, NULL),
(760, 2000, NULL, NULL, NULL),
(762, 2000, NULL, NULL, NULL),
(764, 2000, NULL, NULL, NULL),
(765, 2000, NULL, NULL, NULL),
(766, 2000, NULL, NULL, NULL),
(769, 2000, NULL, NULL, NULL),
(770, 2000, NULL, NULL, NULL),
(772, 2000, NULL, NULL, NULL),
(773, 2000, NULL, NULL, NULL),
(776, 2000, NULL, NULL, NULL),
(779, 2000, NULL, NULL, NULL),
(780, 2000, NULL, NULL, NULL),
(782, 2000, NULL, NULL, NULL),
(788, 2000, NULL, NULL, NULL),
(792, 2000, NULL, NULL, NULL),
(793, 2000, NULL, NULL, NULL),
(794, 2000, NULL, NULL, NULL),
(799, 2000, NULL, NULL, NULL),
(801, 2000, NULL, NULL, NULL),
(802, 2000, NULL, NULL, NULL),
(804, 2000, NULL, NULL, NULL),
(805, 2000, NULL, NULL, NULL),
(808, 2000, NULL, NULL, NULL),
(815, 2000, NULL, NULL, NULL),
(818, 2000, NULL, NULL, NULL),
(825, 2000, NULL, NULL, NULL),
(832, 2000, NULL, NULL, NULL),
(840, 2000, NULL, NULL, NULL),
(1066, 2000, NULL, NULL, NULL),
(1836, 2000, NULL, NULL, NULL),
(1, 2002, NULL, NULL, NULL),
(2, 2002, NULL, NULL, NULL),
(3, 2002, NULL, NULL, NULL),
(4, 2002, NULL, NULL, NULL),
(5, 2002, NULL, NULL, NULL),
(6, 2002, NULL, NULL, NULL),
(9, 2002, NULL, NULL, NULL),
(11, 2002, NULL, NULL, NULL),
(12, 2002, NULL, NULL, NULL),
(15, 2002, NULL, NULL, NULL),
(16, 2002, NULL, NULL, NULL),
(17, 2002, NULL, NULL, NULL),
(18, 2002, NULL, NULL, NULL),
(19, 2002, NULL, NULL, NULL),
(24, 2002, NULL, NULL, NULL),
(28, 2002, NULL, NULL, NULL),
(29, 2002, NULL, NULL, NULL),
(721, 2002, NULL, NULL, NULL),
(666, 2003, NULL, NULL, NULL),
(668, 2003, NULL, NULL, NULL),
(671, 2003, NULL, NULL, NULL),
(672, 2003, NULL, NULL, NULL),
(673, 2003, NULL, NULL, NULL),
(674, 2003, NULL, NULL, NULL),
(675, 2003, NULL, NULL, NULL),
(676, 2003, NULL, NULL, NULL),
(677, 2003, NULL, NULL, NULL),
(678, 2003, NULL, NULL, NULL),
(679, 2003, NULL, NULL, NULL),
(680, 2003, NULL, NULL, NULL),
(682, 2003, NULL, NULL, NULL),
(683, 2003, NULL, NULL, NULL),
(684, 2003, NULL, NULL, NULL),
(1914, 2003, NULL, NULL, NULL),
(1920, 2003, NULL, NULL, NULL),
(6806, 2003, NULL, NULL, NULL),
(512, 2015, NULL, NULL, NULL),
(511, 2015, NULL, NULL, NULL),
(516, 2015, NULL, NULL, NULL),
(521, 2015, NULL, NULL, NULL),
(518, 2015, NULL, NULL, NULL),
(524, 2015, NULL, NULL, NULL),
(522, 2015, NULL, NULL, NULL),
(523, 2015, NULL, NULL, NULL),
(526, 2015, NULL, NULL, NULL),
(527, 2015, NULL, NULL, NULL),
(528, 2015, NULL, NULL, NULL),
(529, 2015, NULL, NULL, NULL),
(532, 2015, NULL, NULL, NULL),
(543, 2015, NULL, NULL, NULL),
(530, 2015, NULL, NULL, NULL),
(545, 2015, NULL, NULL, NULL),
(548, 2015, NULL, NULL, NULL),
(547, 2015, NULL, NULL, NULL),
(556, 2015, NULL, NULL, NULL),
(576, 2015, NULL, NULL, NULL),
(760, 2018, NULL, NULL, NULL),
(759, 2018, NULL, NULL, NULL),
(773, 2018, NULL, NULL, NULL),
(765, 2018, NULL, NULL, NULL),
(770, 2018, NULL, NULL, NULL),
(782, 2018, NULL, NULL, NULL),
(784, 2018, NULL, NULL, NULL),
(788, 2018, NULL, NULL, NULL),
(790, 2018, NULL, NULL, NULL),
(792, 2018, NULL, NULL, NULL),
(794, 2018, NULL, NULL, NULL),
(803, 2018, NULL, NULL, NULL),
(799, 2018, NULL, NULL, NULL),
(798, 2018, NULL, NULL, NULL),
(805, 2018, NULL, NULL, NULL),
(816, 2018, NULL, NULL, NULL),
(808, 2018, NULL, NULL, NULL),
(833, 2018, NULL, NULL, NULL),
(8601, 2018, NULL, NULL, NULL),
(1976, 2018, NULL, NULL, NULL),
(98, 2019, NULL, NULL, NULL),
(99, 2019, NULL, NULL, NULL),
(100, 2019, NULL, NULL, NULL),
(102, 2019, NULL, NULL, NULL),
(103, 2019, NULL, NULL, NULL),
(104, 2019, NULL, NULL, NULL),
(107, 2019, NULL, NULL, NULL),
(108, 2019, NULL, NULL, NULL),
(109, 2019, NULL, NULL, NULL),
(110, 2019, NULL, NULL, NULL),
(112, 2019, NULL, NULL, NULL),
(113, 2019, NULL, NULL, NULL),
(115, 2019, NULL, NULL, NULL),
(449, 2019, NULL, NULL, NULL),
(450, 2019, NULL, NULL, NULL),
(471, 2019, NULL, NULL, NULL),
(584, 2019, NULL, NULL, NULL),
(586, 2019, NULL, NULL, NULL),
(1107, 2019, NULL, NULL, NULL),
(5890, 2019, NULL, NULL, NULL);

-- --------------------------------------------------------

--
-- Estructura de tabla para la tabla `competiciones`
--

DROP TABLE IF EXISTS `competiciones`;
CREATE TABLE IF NOT EXISTS `competiciones` (
  `ID` int(3) NOT NULL AUTO_INCREMENT,
  `ID_deportes` int(2) NOT NULL,
  `Nombre` varchar(100) DEFAULT NULL,
  `Pais` varchar(50) DEFAULT NULL,
  `Terminada` tinyint(1) DEFAULT NULL,
  `Fecha_comienzo` date DEFAULT NULL,
  `Fecha_fin` date DEFAULT NULL,
  `Imagen` varchar(200) DEFAULT NULL,
  PRIMARY KEY (`ID`),
  KEY `ID_deportes` (`ID_deportes`)
) ENGINE=MyISAM AUTO_INCREMENT=2022 DEFAULT CHARSET=latin1;

--
-- Volcado de datos para la tabla `competiciones`
--

INSERT INTO `competiciones` (`ID`, `ID_deportes`, `Nombre`, `Pais`, `Terminada`, `Fecha_comienzo`, `Fecha_fin`, `Imagen`) VALUES
(2000, 1, 'FIFA World Cup', 'World', 0, '2018-06-14', '2018-07-15', NULL),
(2002, 1, 'Bundesliga', 'Germany', 0, '2019-08-16', '2020-05-16', NULL),
(2003, 1, 'Eredivisie', 'Netherlands', 0, '2019-08-09', '2020-05-25', NULL),
(2015, 1, 'Ligue 1', 'France', 0, '2019-08-09', '2020-05-31', NULL),
(2018, 1, 'European Championship', 'Europe', 0, '2020-06-12', '2020-07-12', NULL),
(2019, 1, 'Serie A', 'Italy', 0, '2019-08-24', '2020-05-24', NULL);

-- --------------------------------------------------------

--
-- Estructura de tabla para la tabla `deportes`
--

DROP TABLE IF EXISTS `deportes`;
CREATE TABLE IF NOT EXISTS `deportes` (
  `ID` int(2) NOT NULL AUTO_INCREMENT,
  `Nombre` varchar(50) DEFAULT NULL,
  `Descripcion` varchar(500) DEFAULT NULL,
  `Imagen` varchar(200) DEFAULT NULL,
  PRIMARY KEY (`ID`)
) ENGINE=MyISAM AUTO_INCREMENT=2 DEFAULT CHARSET=latin1;

--
-- Volcado de datos para la tabla `deportes`
--

INSERT INTO `deportes` (`ID`, `Nombre`, `Descripcion`, `Imagen`) VALUES
(1, 'futbol', 'deporte de 11 contra 11 que consiste en anotar un balon en la porteria rival', NULL);

-- --------------------------------------------------------

--
-- Estructura de tabla para la tabla `jugadores`
--

DROP TABLE IF EXISTS `jugadores`;
CREATE TABLE IF NOT EXISTS `jugadores` (
  `ID` int(6) NOT NULL,
  `ID_Deporte` int(2) NOT NULL,
  `Nombre` varchar(50) CHARACTER SET latin1 NOT NULL,
  `Descripcion` varchar(500) CHARACTER SET latin1 DEFAULT NULL,
  `Fecha_Nacimiento` date DEFAULT NULL,
  `Nacionalidad` varchar(100) CHARACTER SET latin1 DEFAULT NULL,
  `Rol` varchar(50) CHARACTER SET latin1 DEFAULT NULL,
  `Posicion` varchar(50) CHARACTER SET latin1 DEFAULT NULL,
  `Imagen` varchar(200) CHARACTER SET latin1 DEFAULT NULL,
  PRIMARY KEY (`ID`),
  KEY `ID_Deporte` (`ID_Deporte`)
) ENGINE=MyISAM DEFAULT CHARSET=utf8 COLLATE=utf8_bin;

--
-- Volcado de datos para la tabla `jugadores`
--

INSERT INTO `jugadores` (`ID`, `ID_Deporte`, `Nombre`, `Descripcion`, `Fecha_Nacimiento`, `Nacionalidad`, `Rol`, `Posicion`, `Imagen`) VALUES
(3160, 1, 'Fernando Muslera', 'ddd', '1986-06-16', 'Uruguay', 'PLAYER', 'Goalkeeper', 'C:\\Users\\puerto\\eclipse-workspace\\.metadata\\.plugins\\org.eclipse.wst.server.core\\tmp0\\wtpwebapps\\deportes_pruebas_limpio\\images\\campana.jpg'),
(111, 1, 'Diego Godín', 'El mejor defensor del mundo.', '1986-02-16', 'Uruguay', 'PLAYER', 'Defender', '\\C:\\Users\\puerto\\eclipse-workspace\\.metadata\\.plugins\\org.eclipse.wst.server.core\\tmp0\\wtpwebapps\\deportes_pruebas_limpio\\images\\godin.jpg'),
(3161, 1, 'Martín Campaña', 'Jugador con imagen', '1989-05-29', 'Uruguay', 'PLAYER', 'Goalkeeper', 'C:Userspuertoeclipse-workspace.metadata.pluginsorg.eclipse.wst.server.core	mp0wtpwebappsdeportes_pruebas_limpioimagescampana.jpg'),
(1973, 1, 'Diego Laxalt', 'fdfdfdfdfdfdfdfdd', '1993-02-07', 'Uruguay', 'PLAYER', 'Defender', 'C:Userspuertoeclipse-workspace.metadata.pluginsorg.eclipse.wst.server.core	mp0wtpwebappsdeportes_pruebas_limpioimages\nuevayork.jpg'),
(2059, 1, 'Martín Cáceres', 'Martin es muy rapido y muy bueno', '1987-04-07', 'Uruguay', 'PLAYER', 'Defender', '\\C:\\Users\\puerto\\eclipse-workspace\\.metadata\\.plugins\\org.eclipse.wst.server.core\\tmp0\\wtpwebapps\\deportes_pruebas_limpio\\images\\Captura de pantalla (2).png'),
(3164, 1, 'Gastón Silva', 'un grande de urugauay', '1994-03-05', 'Uruguay', 'PLAYER', 'Defender', '\\C:\\Users\\puerto\\eclipse-workspace\\.metadata\\.plugins\\org.eclipse.wst.server.core\\tmp0\\wtpwebapps\\deportes_pruebas_limpio\\images\\Captura de pantalla (20).png'),
(3162, 1, 'Sebastián Coates', NULL, '1990-10-07', 'Uruguay', 'PLAYER', 'Defender', NULL),
(28426, 1, 'Matías Viña', NULL, '1997-11-09', 'Uruguay', 'PLAYER', 'Defender', NULL),
(28585, 1, 'Giovanni González', 'Cambios en la descripcion', '1994-09-20', 'Uruguay', 'PLAYER', 'Defender', NULL),
(28656, 1, 'Mathías Suárez', NULL, '1996-06-24', 'Uruguay', 'PLAYER', 'Defender', NULL),
(28755, 1, 'Bruno Méndez', 'Desconocida promesa', '1999-09-10', 'Uruguay', 'PLAYER', 'Defender', NULL),
(96, 1, 'Federico Valverde', 'El mejor jugador del real de madrid', '1998-07-22', 'Uruguay', 'PLAYER', 'Midfielder', NULL),
(2009, 1, 'Matías Vecino', NULL, '1991-08-24', 'Uruguay', 'PLAYER', 'Midfielder', NULL),
(2041, 1, 'Rodrigo Bentancur', NULL, '1997-06-05', 'Uruguay', 'PLAYER', 'Midfielder', NULL),
(2260, 1, 'Lucas Torreira', NULL, '1996-02-11', 'Uruguay', 'PLAYER', 'Midfielder', NULL),
(3169, 1, 'Luis Suárez', NULL, '1987-01-24', 'Uruguay', 'PLAYER', 'Attacker', NULL),
(7444, 1, 'Gastón Pereiro', NULL, '1995-06-11', 'Uruguay', 'PLAYER', 'Midfielder', NULL),
(39556, 1, 'Brian Lozano', NULL, '1994-02-23', 'Uruguay', 'PLAYER', 'Midfielder', NULL),
(3170, 1, 'Edinson Cavani', NULL, '1987-02-14', 'Uruguay', 'PLAYER', 'Attacker', NULL),
(3172, 1, 'Maxi Gómez', NULL, '1996-08-14', 'Uruguay', 'PLAYER', 'Attacker', NULL),
(28618, 1, 'Brian Rodríguez', NULL, '2000-05-20', 'Uruguay', 'PLAYER', 'Attacker', NULL),
(3171, 1, 'Cristhian Stuani', NULL, '1986-10-12', 'Uruguay', 'PLAYER', 'Attacker', NULL),
(33611, 1, 'Celso Otero', NULL, '1958-02-01', 'Uruguay', 'ASSISTANT_COACH', '', NULL),
(33613, 1, 'Óscar Tabárez', NULL, '1947-03-03', 'Uruguay', 'COACH', '', NULL),
(341, 1, 'Manuel Neuer', NULL, '1986-03-27', 'Germany', 'PLAYER', 'Goalkeeper', NULL),
(3173, 1, 'Marc-André ter Stegen', NULL, '1992-04-30', 'Germany', 'PLAYER', 'Goalkeeper', NULL),
(3174, 1, 'Bernd Leno', NULL, '1992-03-04', 'Germany', 'PLAYER', 'Goalkeeper', NULL),
(149, 1, 'Jonathan Tah', NULL, '1996-02-11', 'Germany', 'PLAYER', 'Defender', NULL),
(184, 1, 'Jonas Hector', 'Defensa ferreo y sin fisuras', '1990-05-27', 'Germany', 'PLAYER', 'Defender', NULL),
(3176, 1, 'Matthias Ginter', NULL, '1994-01-19', 'Germany', 'PLAYER', 'Defender', NULL),
(9479, 1, 'Robin Koch', NULL, '1996-07-17', 'Germany', 'PLAYER', 'Defender', NULL),
(9536, 1, 'Lukas Klostermann', NULL, '1996-06-30', 'Germany', 'PLAYER', 'Defender', NULL),
(311, 1, 'Serge Gnabry', NULL, '1995-07-14', 'Germany', 'PLAYER', 'Midfielder', NULL),
(47, 1, 'Toni Kroos', NULL, '1990-01-04', 'Germany', 'PLAYER', 'Midfielder', NULL),
(312, 1, 'Nico Schulz', NULL, '1993-04-01', 'Germany', 'PLAYER', 'Midfielder', NULL),
(320, 1, 'Nadiem Amiri', NULL, '1996-10-27', 'Germany', 'PLAYER', 'Midfielder', NULL),
(359, 1, 'Joshua Kimmich', NULL, '1995-02-08', 'Germany', 'PLAYER', 'Midfielder', NULL),
(3182, 1, 'Ilkay Gündogan', NULL, '1990-10-24', 'Germany', 'PLAYER', 'Midfielder', NULL),
(367, 1, 'Sebastian Rudy', NULL, '1990-02-28', 'Germany', 'PLAYER', 'Midfielder', NULL),
(3181, 1, 'Leon Goretzka', NULL, '1995-02-06', 'Germany', 'PLAYER', 'Midfielder', NULL),
(6629, 1, 'Suat Serdar', NULL, '1997-07-11', 'Germany', 'PLAYER', 'Midfielder', NULL),
(3183, 1, 'Emre Can', NULL, '1994-01-12', 'Germany', 'PLAYER', 'Midfielder', NULL),
(6557, 1, 'Niklas Stark', NULL, '1995-04-14', 'Germany', 'PLAYER', 'Midfielder', NULL),
(148, 1, 'Julian Brandt', NULL, '1996-05-02', 'Germany', 'PLAYER', 'Attacker', NULL),
(6537, 1, 'Gian-Luca Waldschmidt', NULL, '1996-05-19', 'Germany', 'PLAYER', 'Attacker', NULL),
(3187, 1, 'Timo Werner', NULL, '1996-03-06', 'Germany', 'PLAYER', 'Attacker', NULL),
(10178, 1, 'Joachim Löw', NULL, '1960-02-03', 'Germany', 'COACH', '', NULL),
(43800, 1, 'Andreas Köpke', NULL, '1962-03-12', 'Germany', 'GOALKEEPER_COACH', '', NULL),
(136064, 1, 'Marcus Sorg', NULL, '1965-12-24', 'Germany', 'ASSISTANT_COACH', '', NULL),
(3188, 1, 'David De Gea', NULL, '1990-11-07', 'Spain', 'PLAYER', 'Goalkeeper', NULL),
(3189, 1, 'Kepa Arrizabalaga', NULL, '1994-10-03', 'Spain', 'PLAYER', 'Goalkeeper', NULL),
(32695, 1, 'Pau López', NULL, '1994-12-13', 'Spain', 'PLAYER', 'Goalkeeper', NULL),
(2085, 1, 'Albiol', NULL, '1985-09-04', 'Spain', 'PLAYER', 'Defender', NULL),
(3192, 1, 'Sergio Ramos', 'Un gran defensa muy contundente', '1986-03-30', 'Spain', 'PLAYER', 'Defender', NULL),
(3194, 1, 'Dani Carvajal', NULL, '1992-01-11', 'Spain', 'PLAYER', 'Defender', NULL),
(32588, 1, 'Íñigo Martínez', NULL, '1991-05-17', 'Spain', 'PLAYER', 'Defender', NULL),
(33109, 1, 'Pau Torres', NULL, '1997-01-16', 'Spain', 'PLAYER', 'Defender', NULL),
(10, 1, 'Mikel Oiarzabal', NULL, '1997-04-21', 'Spain', 'PLAYER', 'Midfielder', NULL),
(22, 1, 'Fabián Ruiz', NULL, '1996-04-06', 'Spain', 'PLAYER', 'Midfielder', NULL),
(54, 1, 'Jesús Navas', NULL, '1985-11-21', 'Spain', 'PLAYER', 'Midfielder', NULL),
(74, 1, 'Pablo Sarabia', NULL, '1992-05-11', 'Spain', 'PLAYER', 'Midfielder', NULL),
(118, 1, 'Saúl', NULL, '1994-11-21', 'Spain', 'PLAYER', 'Midfielder', NULL),
(356, 1, 'Thiago Alcântara', NULL, '1991-04-11', 'Spain', 'PLAYER', 'Midfielder', NULL),
(357, 1, 'Juan Bernat', NULL, '1993-03-01', 'Spain', 'PLAYER', 'Midfielder', NULL),
(3199, 1, 'Rodri', NULL, '1996-06-22', 'Spain', 'PLAYER', 'Midfielder', NULL),
(7790, 1, 'Santi Cazorla', NULL, '1984-12-13', 'Spain', 'PLAYER', 'Midfielder', NULL),
(23132, 1, 'Dani Olmo', NULL, '1998-05-07', 'Spain', 'PLAYER', 'Midfielder', NULL),
(10179, 1, 'Busquets', NULL, '1988-07-16', 'Spain', 'PLAYER', 'Midfielder', NULL),
(33146, 1, 'Gaya', NULL, '1995-05-25', 'Spain', 'PLAYER', 'Midfielder', NULL),
(7819, 1, 'Álvaro Morata', NULL, '1992-10-23', 'Spain', 'PLAYER', 'Attacker', NULL),
(15871, 1, 'Paco Alcácer', NULL, '1993-08-30', 'Spain', 'PLAYER', 'Attacker', NULL),
(32719, 1, 'Gerard Moreno', NULL, '1992-04-07', 'Spain', 'PLAYER', 'Attacker', NULL),
(114788, 1, 'Robert Moreno', NULL, '1977-09-19', 'Spain', 'COACH', '', NULL),
(3141, 1, 'Emiliano Martínez', NULL, '1992-09-02', 'Argentina', 'PLAYER', 'Goalkeeper', NULL),
(39093, 1, 'Agustín Marchesín', NULL, '1988-03-16', 'Argentina', 'PLAYER', 'Goalkeeper', NULL),
(45895, 1, 'Esteban Andrada', NULL, '1991-01-26', 'Argentina', 'PLAYER', 'Goalkeeper', NULL),
(46554, 1, 'Juan Musso', NULL, '1994-05-06', 'Argentina', 'PLAYER', 'Goalkeeper', NULL),
(1138, 1, 'Walter Kannemann', NULL, '1991-03-14', 'Argentina', 'PLAYER', 'Defender', NULL),
(1772, 1, 'Germán Pezzella', NULL, '1991-06-27', 'Argentina', 'PLAYER', 'Defender', NULL),
(3205, 1, 'Nicolás Otamendi', NULL, '1988-02-12', 'Argentina', 'PLAYER', 'Defender', NULL),
(3206, 1, 'Marcos Rojo', NULL, '1990-03-20', 'Argentina', 'PLAYER', 'Defender', NULL),
(3208, 1, 'Nicolás Tagliafico', NULL, '1992-08-31', 'Argentina', 'PLAYER', 'Defender', NULL),
(7996, 1, 'Juan Foyth', NULL, '1998-01-12', 'Argentina', 'PLAYER', 'Defender', NULL),
(45671, 1, 'Nehuén Pérez', NULL, '2000-06-24', 'Argentina', 'PLAYER', 'Defender', NULL),
(46563, 1, 'Renzo Saravia', NULL, '1993-06-16', 'Argentina', 'PLAYER', 'Defender', NULL),
(2127, 1, 'Rodrigo de Paul', NULL, '1994-05-24', 'Argentina', 'PLAYER', 'Midfielder', NULL),
(3212, 1, 'Marcos Acuña', NULL, '1991-10-28', 'Argentina', 'PLAYER', 'Midfielder', NULL),
(3216, 1, 'Giovani Lo Celso', NULL, '1996-04-09', 'Argentina', 'PLAYER', 'Midfielder', NULL),
(3214, 1, 'Leandro Paredes', NULL, '1994-06-29', 'Argentina', 'PLAYER', 'Midfielder', NULL),
(8120, 1, 'Roberto Pereyra', NULL, '1991-01-07', 'Argentina', 'PLAYER', 'Midfielder', NULL),
(8358, 1, 'Lucas Ocampos', NULL, '1994-07-11', 'Argentina', 'PLAYER', 'Midfielder', NULL),
(39104, 1, 'Guido Rodríguez', NULL, '1994-04-12', 'Argentina', 'PLAYER', 'Midfielder', NULL),
(45681, 1, 'Alexis Mac Allister', NULL, '1998-12-24', 'Argentina', 'PLAYER', 'Midfielder', NULL),
(46346, 1, 'Nicolás Domínguez', NULL, '1998-06-28', 'Argentina', 'PLAYER', 'Midfielder', NULL),
(154, 1, 'Lucas Alario', NULL, '1992-10-08', 'Argentina', 'PLAYER', 'Attacker', NULL),
(2046, 1, 'Paulo Dybala', NULL, '1993-11-15', 'Argentina', 'PLAYER', 'Attacker', NULL),
(3218, 1, 'Lionel Messi', NULL, '1987-06-24', 'Argentina', 'PLAYER', 'Attacker', NULL),
(3220, 1, 'Lautaro Martínez', NULL, '1997-08-22', 'Argentina', 'PLAYER', 'Attacker', NULL),
(7891, 1, 'Sergio Agüero', NULL, '1988-06-02', 'Argentina', 'PLAYER', 'Attacker', NULL),
(45680, 1, 'Nicolás González', NULL, '1998-04-06', 'Argentina', 'PLAYER', 'Attacker', NULL),
(82990, 1, 'Lionel Scaloni', NULL, '1978-05-16', 'Argentina', 'INTERIM_COACH', '', NULL),
(1662, 1, 'Santos', NULL, '1990-03-17', 'Brazil', 'PLAYER', 'Goalkeeper', NULL),
(1169, 1, 'Daniel Fuzato', NULL, '1997-07-04', 'Brazil', 'PLAYER', 'Goalkeeper', NULL),
(1131, 1, 'Emerson Royal', NULL, '1999-01-14', 'Brazil', 'PLAYER', 'Defender', NULL),
(1795, 1, 'Alisson', NULL, '1992-10-02', 'Brazil', 'PLAYER', 'Goalkeeper', NULL),
(1337, 1, 'Éder Militão', NULL, '1998-01-18', 'Brazil', 'PLAYER', 'Defender', NULL),
(2028, 1, 'Alex Sandro', NULL, '1991-01-26', 'Brazil', 'PLAYER', 'Defender', NULL),
(3224, 1, 'Thiago Silva', NULL, '1984-09-22', 'Brazil', 'PLAYER', 'Defender', NULL),
(7881, 1, 'Danilo', NULL, '1991-07-15', 'Brazil', 'PLAYER', 'Defender', NULL),
(1671, 1, 'Renan Lodi', NULL, '1998-04-08', 'Brazil', 'PLAYER', 'Defender', NULL),
(3225, 1, 'Marquinhos', NULL, '1994-05-14', 'Brazil', 'PLAYER', 'Defender', NULL),
(15903, 1, 'Felipe', NULL, '1989-05-16', 'Brazil', 'PLAYER', 'Defender', NULL),
(8749, 1, 'Fabinho', NULL, '1993-10-23', 'Brazil', 'PLAYER', 'Midfielder', NULL),
(3228, 1, 'Philippe Coutinho', NULL, '1992-06-12', 'Brazil', 'PLAYER', 'Midfielder', NULL),
(1148, 1, 'Arthur', NULL, '1996-08-12', 'Brazil', 'PLAYER', 'Midfielder', NULL),
(33525, 1, 'Douglas Luiz', NULL, '1998-05-09', 'Brazil', 'PLAYER', 'Midfielder', NULL),
(3231, 1, 'Casemiro', NULL, '1992-02-23', 'Brazil', 'PLAYER', 'Midfielder', NULL),
(1543, 1, 'Lucas Paquetá', NULL, '1997-08-27', 'Brazil', 'PLAYER', 'Midfielder', NULL),
(1324, 1, 'Rodrygo', NULL, '2001-01-09', 'Brazil', 'PLAYER', 'Attacker', NULL),
(3230, 1, 'Willian', NULL, '1988-08-09', 'Brazil', 'PLAYER', 'Attacker', NULL),
(3233, 1, 'Roberto Firmino', NULL, '1991-10-02', 'Brazil', 'PLAYER', 'Attacker', NULL),
(3236, 1, 'Gabriel Jesus', NULL, '1997-04-03', 'Brazil', 'PLAYER', 'Attacker', NULL),
(8133, 1, 'Richarlison', NULL, '1997-05-10', 'Brazil', 'PLAYER', 'Attacker', NULL),
(8891, 1, 'Wesley', NULL, '1996-11-26', 'Brazil', 'PLAYER', 'Attacker', NULL),
(33639, 1, 'Tite', NULL, '1961-05-25', 'Brazil', 'COACH', '', NULL),
(3238, 1, 'Beto', NULL, '1982-05-01', 'Portugal', 'PLAYER', 'Goalkeeper', NULL),
(3239, 1, 'Rui Patrício', NULL, '1988-02-15', 'Portugal', 'PLAYER', 'Goalkeeper', NULL),
(2000, 1, 'João Cancelo', NULL, '1994-05-27', 'Portugal', 'PLAYER', 'Defender', NULL),
(2090, 1, 'Mário Rui', NULL, '1991-05-27', 'Portugal', 'PLAYER', 'Defender', NULL),
(15899, 1, 'José Sá', NULL, '1993-01-17', 'Portugal', 'PLAYER', 'Goalkeeper', NULL),
(3246, 1, 'Raphaël Guerreiro', NULL, '1993-12-22', 'Portugal', 'PLAYER', 'Defender', NULL),
(3245, 1, 'José Fonte', NULL, '1983-12-22', 'Portugal', 'PLAYER', 'Defender', NULL),
(10181, 1, 'Pepe', NULL, '1983-02-26', 'Portugal', 'PLAYER', 'Defender', NULL),
(10182, 1, 'Ricardo Pereira', NULL, '1993-10-06', 'Portugal', 'PLAYER', 'Defender', NULL),
(10183, 1, 'Rúben Dias', NULL, '1997-05-14', 'Portugal', 'PLAYER', 'Defender', NULL),
(15862, 1, 'Nélson Semedo', NULL, '1993-11-16', 'Portugal', 'PLAYER', 'Defender', NULL),
(33110, 1, 'Rúben Semedo', NULL, '1994-04-04', 'Portugal', 'PLAYER', 'Defender', NULL),
(45472, 1, 'Domingos Duarte', NULL, '1995-03-10', 'Portugal', 'PLAYER', 'Defender', NULL),
(3249, 1, 'João Moutinho', NULL, '1986-09-08', 'Portugal', 'PLAYER', 'Midfielder', NULL),
(3251, 1, 'André Gomes', NULL, '1993-07-30', 'Portugal', 'PLAYER', 'Midfielder', NULL),
(3253, 1, 'João Mário', NULL, '1993-01-19', 'Portugal', 'PLAYER', 'Midfielder', NULL),
(3254, 1, 'Bernardo Silva', NULL, '1994-08-10', 'Portugal', 'PLAYER', 'Midfielder', NULL),
(3255, 1, 'Rúben Neves', NULL, '1997-03-13', 'Portugal', 'PLAYER', 'Midfielder', NULL),
(3257, 1, 'Bruno Fernandes', NULL, '1994-09-08', 'Portugal', 'PLAYER', 'Midfielder', NULL),
(15909, 1, 'Danilo Pereira', NULL, '1991-09-09', 'Portugal', 'PLAYER', 'Midfielder', NULL),
(39265, 1, 'João Félix', NULL, '1999-11-10', 'Portugal', 'PLAYER', 'Midfielder', NULL),
(1760, 1, 'André Silva', NULL, '1995-11-06', 'Portugal', 'PLAYER', 'Attacker', NULL),
(44, 1, 'Cristiano Ronaldo', NULL, '1985-02-05', 'Portugal', 'PLAYER', 'Attacker', NULL),
(3259, 1, 'Gonçalo Guedes', NULL, '1996-11-29', 'Portugal', 'PLAYER', 'Attacker', NULL),
(4092, 1, 'Diogo Jota', NULL, '1996-12-04', 'Portugal', 'PLAYER', 'Attacker', NULL),
(9553, 1, 'Bruma', NULL, '1994-10-24', 'Portugal', 'PLAYER', 'Attacker', NULL),
(15890, 1, 'Daniel Podence', NULL, '1995-10-21', 'Portugal', 'PLAYER', 'Attacker', NULL),
(15919, 1, 'Gonçalo Paciência', NULL, '1994-08-01', 'Portugal', 'PLAYER', 'Attacker', NULL),
(16754, 1, 'Pizzi', NULL, '1989-10-06', 'Portugal', 'PLAYER', 'Attacker', NULL),
(49274, 1, 'Éder', NULL, '1987-12-22', 'Portugal', 'PLAYER', 'Attacker', NULL),
(10184, 1, 'Fernando Santos', NULL, '1954-10-19', 'Portugal', 'COACH', '', NULL),
(10185, 1, 'Ilídio Vale', NULL, '1957-12-13', 'Portugal', 'ASSISTANT_COACH', '', NULL),
(3262, 1, 'K?suke Nakamura', NULL, '1995-02-27', 'Japan', 'PLAYER', 'Goalkeeper', NULL),
(48729, 1, 'Keisuke ?sako', NULL, '1999-07-28', 'Japan', 'PLAYER', 'Goalkeeper', NULL),
(112768, 1, 'Ryosuke Kojima', NULL, '1997-01-30', 'Japan', 'PLAYER', 'Goalkeeper', NULL),
(44802, 1, 'Shinnosuke Hatanaka', NULL, '1995-08-25', 'Japan', 'PLAYER', 'Defender', NULL),
(48569, 1, 'Genta Miura', NULL, '1995-03-01', 'Japan', 'PLAYER', 'Defender', NULL),
(48615, 1, 'Daiki Suga', NULL, '1998-09-10', 'Japan', 'PLAYER', 'Defender', NULL),
(48733, 1, 'Sho Sasaki', NULL, '1989-10-02', 'Japan', 'PLAYER', 'Defender', NULL),
(113595, 1, 'Tsuyoshi Watanabe', NULL, '1997-02-05', 'Japan', 'PLAYER', 'Defender', NULL),
(33059, 1, 'Y?suke Ideguchi', NULL, '1996-08-23', 'Japan', 'PLAYER', 'Midfielder', NULL),
(3276, 1, 'Ryota Ohshima', NULL, '1993-01-23', 'Japan', 'PLAYER', 'Midfielder', NULL),
(49061, 1, 'Taiyo Koga', NULL, '1998-10-28', 'Japan', 'PLAYER', 'Defender', NULL),
(48834, 1, 'Daiki Hashioka', NULL, '1999-05-17', 'Japan', 'PLAYER', 'Defender', NULL),
(48745, 1, 'Tsukasa Morishima', NULL, '1997-04-25', 'Japan', 'PLAYER', 'Midfielder', NULL),
(48975, 1, 'Keita Endo', NULL, '1997-11-22', 'Japan', 'PLAYER', 'Midfielder', NULL),
(48543, 1, 'Kento Hashimoto', NULL, '1993-08-16', 'Japan', 'PLAYER', 'Midfielder', NULL),
(49105, 1, 'Ao Tanaka', NULL, '1998-09-10', 'Japan', 'PLAYER', 'Midfielder', NULL),
(80044, 1, 'Yuki Soma', NULL, '1997-02-25', 'Japan', 'PLAYER', 'Midfielder', NULL),
(113199, 1, 'Shunta Tanaka', NULL, '1997-05-26', 'Japan', 'PLAYER', 'Midfielder', NULL),
(48659, 1, 'Koki Ogawa', NULL, '1997-08-08', 'Japan', 'PLAYER', 'Attacker', NULL),
(119460, 1, 'Ayase Ueda', NULL, '1998-09-10', 'Japan', 'PLAYER', 'Attacker', NULL),
(48720, 1, 'Kyosuke Tagawa', NULL, '1999-02-11', 'Japan', 'PLAYER', 'Attacker', NULL),
(48890, 1, 'Musashi Suzuki', NULL, '1994-02-11', 'Japan', 'PLAYER', 'Attacker', NULL),
(48987, 1, 'Teruhito Nakagawa', NULL, '1992-07-27', 'Japan', 'PLAYER', 'Attacker', NULL),
(83225, 1, 'Hajime Moriyasu', NULL, '1968-08-23', 'Japan', 'COACH', '', NULL),
(3309, 1, 'Jordan Pickford', NULL, '1994-03-07', 'England', 'PLAYER', 'Goalkeeper', NULL),
(5457, 1, 'Dean Henderson', NULL, '1997-03-12', 'England', 'PLAYER', 'Goalkeeper', NULL),
(3310, 1, 'Nick Pope', NULL, '1992-04-19', 'England', 'PLAYER', 'Goalkeeper', NULL),
(3312, 1, 'Kieran Trippier', NULL, '1990-09-19', 'England', 'PLAYER', 'Defender', NULL),
(3319, 1, 'Danny Rose', NULL, '1990-07-02', 'England', 'PLAYER', 'Defender', NULL),
(3313, 1, 'John Stones', NULL, '1994-05-28', 'England', 'PLAYER', 'Defender', NULL),
(3326, 1, 'Harry Maguire', NULL, '1992-03-05', 'England', 'PLAYER', 'Defender', NULL),
(7862, 1, 'Joe Gomez', NULL, '1997-05-23', 'England', 'PLAYER', 'Defender', NULL),
(8065, 1, 'Ben Chilwell', NULL, '1996-12-21', 'England', 'PLAYER', 'Defender', NULL),
(7867, 1, 'Trent Alexander-Arnold', NULL, '1998-10-07', 'England', 'PLAYER', 'Defender', NULL),
(11528, 1, 'Fikayo Tomori', NULL, '1997-12-19', 'England', 'PLAYER', 'Defender', NULL),
(8235, 1, 'Tyrone Mings', NULL, '1993-03-13', 'England', 'PLAYER', 'Defender', NULL),
(146, 1, 'Jadon Sancho', NULL, '2000-03-25', 'England', 'PLAYER', 'Midfielder', NULL),
(3320, 1, 'Jordan Henderson', NULL, '1990-06-17', 'England', 'PLAYER', 'Midfielder', NULL),
(3323, 1, 'Alex Oxlade-Chamberlain', NULL, '1993-08-15', 'England', 'PLAYER', 'Midfielder', NULL),
(3992, 1, 'James Maddison', NULL, '1996-11-23', 'England', 'PLAYER', 'Midfielder', NULL),
(7817, 1, 'Ross Barkley', NULL, '1993-12-05', 'England', 'PLAYER', 'Midfielder', NULL),
(7599, 1, 'Mason Mount', NULL, '1999-01-10', 'England', 'PLAYER', 'Midfielder', NULL),
(7886, 1, 'Fabian Delph', NULL, '1989-11-21', 'England', 'PLAYER', 'Midfielder', NULL),
(8215, 1, 'Declan Rice', NULL, '1999-01-14', 'England', 'PLAYER', 'Midfielder', NULL),
(7999, 1, 'Harry Winks', NULL, '1996-02-02', 'England', 'PLAYER', 'Midfielder', NULL),
(3329, 1, 'Raheem Sterling', NULL, '1994-12-08', 'England', 'PLAYER', 'Attacker', NULL),
(3331, 1, 'Marcus Rashford', NULL, '1997-10-31', 'England', 'PLAYER', 'Attacker', NULL),
(7985, 1, 'Tammy Abraham', NULL, '1997-10-02', 'England', 'PLAYER', 'Attacker', NULL),
(7816, 1, 'Callum Hudson-Odoi', NULL, '2000-11-07', 'England', 'PLAYER', 'Attacker', NULL),
(8004, 1, 'Harry Kane', NULL, '1993-07-28', 'England', 'PLAYER', 'Attacker', NULL),
(8251, 1, 'Callum Wilson', NULL, '1992-02-27', 'England', 'PLAYER', 'Attacker', NULL),
(10186, 1, 'Gareth Southgate', NULL, '1970-09-03', 'England', 'COACH', '', NULL),
(3375, 1, 'Daniel Akpeyi', NULL, '1986-03-08', 'Nigeria', 'PLAYER', 'Goalkeeper', NULL),
(3376, 1, 'Ikechukwu Ezenwa', NULL, '1988-10-16', 'Nigeria', 'PLAYER', 'Goalkeeper', NULL),
(3378, 1, 'Kenneth Omeruo', NULL, '1993-10-17', 'Nigeria', 'PLAYER', 'Defender', NULL),
(65480, 1, 'Maduka Okoye', NULL, '1999-08-28', 'Nigeria', 'PLAYER', 'Goalkeeper', NULL),
(3381, 1, 'William Troost-Ekong', NULL, '1993-09-01', 'Nigeria', 'PLAYER', 'Defender', NULL),
(3382, 1, 'Abdullahi Shehu', NULL, '1993-03-12', 'Nigeria', 'PLAYER', 'Defender', NULL),
(3387, 1, 'Brian Idowu', NULL, '1992-05-18', 'Nigeria', 'PLAYER', 'Defender', NULL),
(3393, 1, 'Chidozie Awaziem', NULL, '1997-01-01', 'Nigeria', 'PLAYER', 'Defender', NULL),
(3386, 1, 'Ola Aina', NULL, '1996-10-08', 'Nigeria', 'PLAYER', 'Defender', NULL),
(6451, 1, 'Semi Ajayi', NULL, '1993-11-09', 'Nigeria', 'PLAYER', 'Defender', NULL),
(45578, 1, 'Jamilu Collins', NULL, '1994-08-05', 'Nigeria', 'PLAYER', 'Defender', NULL),
(3383, 1, 'Wilfred Ndidi', NULL, '1996-12-16', 'Nigeria', 'PLAYER', 'Midfielder', NULL),
(135563, 1, 'Ifeanyi Anaemena', NULL, '1992-02-16', 'Nigeria', 'PLAYER', 'Defender', NULL),
(3395, 1, 'Mikel Agu', NULL, '1993-05-27', 'Nigeria', 'PLAYER', 'Midfielder', NULL),
(6318, 1, 'Joe Aribo', NULL, '1996-07-21', 'Nigeria', 'PLAYER', 'Midfielder', NULL),
(32879, 1, 'Ramon Azeez', NULL, '1992-12-12', 'Nigeria', 'PLAYER', 'Midfielder', NULL),
(33124, 1, 'Samuel Chukwueze', NULL, '1999-05-22', 'Nigeria', 'PLAYER', 'Midfielder', NULL),
(3392, 1, 'Alex Iwobi', NULL, '1996-05-03', 'Nigeria', 'PLAYER', 'Attacker', NULL),
(3398, 1, 'Moses Simon', NULL, '1995-07-12', 'Nigeria', 'PLAYER', 'Attacker', NULL),
(3396, 1, 'Ahmed Musa', NULL, '1992-10-14', 'Nigeria', 'PLAYER', 'Attacker', NULL),
(9434, 1, 'Victor Osimhen', NULL, '1998-12-29', 'Nigeria', 'PLAYER', 'Attacker', NULL),
(8894, 1, 'Emmanuel Dennis', NULL, '1997-11-15', 'Nigeria', 'PLAYER', 'Attacker', NULL),
(8920, 1, 'Samuel Kalu', NULL, '1998-08-26', 'Nigeria', 'PLAYER', 'Attacker', NULL),
(24215, 1, 'Paul Onuachu', NULL, '1994-05-28', 'Nigeria', 'PLAYER', 'Attacker', NULL),
(130897, 1, 'Imama Amakpakabo', NULL, '1969-07-27', 'Nigeria', 'LOCAL_COACH', '', NULL),
(10160, 1, 'Gernot Rohr', NULL, '1953-06-28', 'France', 'COACH', '', NULL),
(3332, 1, 'Kim Seunggyu', NULL, '1990-09-30', 'Korea Republic', 'PLAYER', 'Goalkeeper', NULL),
(3334, 1, 'Jo Hyeonwoo', NULL, '1991-09-25', 'Korea Republic', 'PLAYER', 'Goalkeeper', NULL),
(48598, 1, 'Gu Sungyun', NULL, '1994-06-27', 'Korea Republic', 'PLAYER', 'Goalkeeper', NULL),
(141655, 1, 'Seo Juhwan', NULL, '1999-06-24', 'Korea Republic', 'PLAYER', 'Goalkeeper', NULL),
(3341, 1, 'Kim Minjae', NULL, '1996-11-15', 'Korea Republic', 'PLAYER', 'Defender', NULL),
(3336, 1, 'Kim Jinsu', NULL, '1992-06-13', 'Korea Republic', 'PLAYER', 'Defender', NULL),
(21530, 1, 'Kwon Kyungwon', NULL, '1992-01-31', 'Korea Republic', 'PLAYER', 'Defender', NULL),
(21671, 1, 'Kim Younggwon', NULL, '1990-02-27', 'Korea Republic', 'PLAYER', 'Defender', NULL),
(97344, 1, 'Park Jisu', NULL, '1994-06-13', 'Korea Republic', 'PLAYER', 'Defender', NULL),
(82995, 1, 'Kim Moonhwan', NULL, '1995-08-01', 'Korea Republic', 'PLAYER', 'Defender', NULL),
(119552, 1, 'Kim Taehwan', NULL, '1989-07-24', 'Korea Republic', 'PLAYER', 'Defender', NULL),
(43771, 1, 'Ju Sejong', NULL, '1990-10-30', 'Korea Republic', 'PLAYER', 'Midfielder', NULL),
(3345, 1, 'Park Jooho', NULL, '1987-01-16', 'Korea Republic', 'PLAYER', 'Midfielder', NULL),
(43772, 1, 'Moon Seonmin', NULL, '1992-06-09', 'Korea Republic', 'PLAYER', 'Midfielder', NULL),
(48983, 1, 'Yun Illok', NULL, '1992-03-07', 'Korea Republic', 'PLAYER', 'Midfielder', NULL),
(49074, 1, 'Kim Bokyung', NULL, '1989-10-06', 'Korea Republic', 'PLAYER', 'Midfielder', NULL),
(82994, 1, 'Hwang Inbeom', NULL, '1996-09-20', 'Korea Republic', 'PLAYER', 'Midfielder', NULL),
(136931, 1, 'Han Seunggyu', NULL, '1996-09-28', 'Korea Republic', 'PLAYER', 'Midfielder', NULL),
(119553, 1, 'Son Junho', NULL, '1992-05-12', 'Korea Republic', 'PLAYER', 'Midfielder', NULL),
(136932, 1, 'Lee Yeongjae', NULL, '1994-09-13', 'Korea Republic', 'PLAYER', 'Midfielder', NULL),
(97345, 1, 'Kim Seungdae', NULL, '1991-04-01', 'Korea Republic', 'PLAYER', 'Attacker', NULL),
(48824, 1, 'Lee Jeonghyeop', NULL, '1991-06-24', 'Korea Republic', 'PLAYER', 'Attacker', NULL),
(99382, 1, 'Na Sangho', NULL, '1996-08-12', 'Korea Republic', 'PLAYER', 'Attacker', NULL),
(136933, 1, 'Kim Insung', NULL, '1989-09-09', 'Korea Republic', 'PLAYER', 'Attacker', NULL),
(21634, 1, 'Paulo Bento', NULL, '1969-06-20', 'Portugal', 'COACH', '', NULL),
(3448, 1, 'Kasper Schmeichel', NULL, '1986-11-05', 'Denmark', 'PLAYER', 'Goalkeeper', NULL),
(3450, 1, 'Frederik Rønnow', NULL, '1992-08-04', 'Denmark', 'PLAYER', 'Goalkeeper', NULL),
(56, 1, 'Simon Kjær', NULL, '1989-03-26', 'Denmark', 'PLAYER', 'Defender', NULL),
(10192, 1, 'Jesper Hansen', NULL, '1985-03-31', 'Denmark', 'PLAYER', 'Goalkeeper', NULL),
(2253, 1, 'Joachim Andersen', NULL, '1996-05-31', 'Denmark', 'PLAYER', 'Defender', NULL),
(3451, 1, 'Peter Ankersen', NULL, '1990-09-22', 'Denmark', 'PLAYER', 'Defender', NULL),
(3452, 1, 'Jonas Knudsen', NULL, '1992-09-16', 'Denmark', 'PLAYER', 'Defender', NULL),
(3454, 1, 'Mathias Jørgensen', NULL, '1990-04-23', 'Denmark', 'PLAYER', 'Defender', NULL),
(3456, 1, 'Lasse Nielsen', NULL, '1988-01-08', 'Denmark', 'PLAYER', 'Defender', NULL),
(2134, 1, 'Jens Stryger Larsen', NULL, '1991-02-21', 'Denmark', 'PLAYER', 'Midfielder', NULL),
(3455, 1, 'Andreas Christensen', NULL, '1996-04-10', 'Denmark', 'PLAYER', 'Defender', NULL),
(3458, 1, 'Lasse Schöne', NULL, '1986-05-27', 'Denmark', 'PLAYER', 'Midfielder', NULL),
(3459, 1, 'Christian Eriksen', NULL, '1992-02-14', 'Denmark', 'PLAYER', 'Midfielder', NULL),
(3460, 1, 'Thomas Delaney', NULL, '1991-09-03', 'Denmark', 'PLAYER', 'Midfielder', NULL),
(3462, 1, 'Henrik Dalsgaard', NULL, '1989-07-27', 'Denmark', 'PLAYER', 'Midfielder', NULL),
(8093, 1, 'Pierre Emile Højbjerg', NULL, '1995-08-05', 'Denmark', 'PLAYER', 'Midfielder', NULL),
(8918, 1, 'Anders Christiansen', NULL, '1990-06-08', 'Denmark', 'PLAYER', 'Midfielder', NULL),
(3464, 1, 'Lukas Lerager', NULL, '1993-07-12', 'Denmark', 'PLAYER', 'Midfielder', NULL),
(10193, 1, 'Daniel Wass', NULL, '1989-05-31', 'Denmark', 'PLAYER', 'Midfielder', NULL),
(10195, 1, 'Robert Skov', NULL, '1996-05-20', 'Denmark', 'PLAYER', 'Midfielder', NULL),
(24102, 1, 'Christian Nørgaard', NULL, '1994-03-10', 'Denmark', 'PLAYER', 'Midfielder', NULL),
(7570, 1, 'Kasper Dolberg', NULL, '1997-10-06', 'Denmark', 'PLAYER', 'Attacker', NULL),
(3467, 1, 'Martin Braithwaite', NULL, '1991-06-05', 'Denmark', 'PLAYER', 'Attacker', NULL),
(64228, 1, 'Christian Gytkjær', NULL, '1990-05-06', 'Denmark', 'PLAYER', 'Attacker', NULL),
(1855, 1, 'Andreas Cornelius', NULL, '1993-03-16', 'Denmark', 'PLAYER', 'Attacker', NULL),
(3466, 1, 'Yussuf Poulsen', NULL, '1994-06-15', 'Denmark', 'PLAYER', 'Attacker', NULL),
(10196, 1, 'Åge Hareide', NULL, '1953-09-23', 'Norway', 'COACH', '', NULL),
(3470, 1, 'Yann Sommer', NULL, '1988-12-17', 'Switzerland', 'PLAYER', 'Goalkeeper', NULL),
(30774, 1, 'Jonas Omlin', NULL, '1994-01-10', 'Switzerland', 'PLAYER', 'Goalkeeper', NULL),
(143, 1, 'Manuel Akanji', NULL, '1995-07-19', 'Switzerland', 'PLAYER', 'Defender', NULL),
(1745, 1, 'Ricardo Rodriguez', NULL, '1992-08-25', 'Switzerland', 'PLAYER', 'Defender', NULL),
(9534, 1, 'Yvon Mvogo', NULL, '1994-06-06', 'Switzerland', 'PLAYER', 'Goalkeeper', NULL),
(3473, 1, 'Michael Lang', NULL, '1991-02-08', 'Switzerland', 'PLAYER', 'Defender', NULL),
(2026, 1, 'Stephan Lichtsteiner', NULL, '1984-01-16', 'Switzerland', 'PLAYER', 'Defender', NULL),
(3474, 1, 'François Moubandje', NULL, '1990-06-21', 'Switzerland', 'PLAYER', 'Defender', NULL),
(3475, 1, 'Nico Elvedi', NULL, '1996-09-30', 'Switzerland', 'PLAYER', 'Defender', NULL),
(16265, 1, 'Michel Aebischer', NULL, '1997-01-06', 'Switzerland', 'PLAYER', 'Defender', NULL),
(16264, 1, 'Loris Benito', NULL, '1992-01-07', 'Switzerland', 'PLAYER', 'Defender', NULL),
(16268, 1, 'Kevin Mbabu', NULL, '1995-04-19', 'Switzerland', 'PLAYER', 'Defender', NULL),
(3477, 1, 'Granit Xhaka', NULL, '1992-09-27', 'Switzerland', 'PLAYER', 'Midfielder', NULL),
(6687, 1, 'Denis Zakaria', NULL, '1996-11-20', 'Switzerland', 'PLAYER', 'Midfielder', NULL),
(30823, 1, 'Eray Cömert', NULL, '1998-02-04', 'Switzerland', 'PLAYER', 'Defender', NULL),
(16275, 1, 'Djibril Sow', NULL, '1997-02-06', 'Switzerland', 'PLAYER', 'Midfielder', NULL),
(3482, 1, 'Haris Seferovi?', NULL, '1992-02-22', 'Switzerland', 'PLAYER', 'Attacker', NULL),
(9433, 1, 'Renato Steffen', NULL, '1991-11-03', 'Switzerland', 'PLAYER', 'Midfielder', NULL),
(8220, 1, 'Edimilson Fernandes', NULL, '1996-04-15', 'Switzerland', 'PLAYER', 'Attacker', NULL),
(16063, 1, 'Albian Ajeti', NULL, '1997-02-26', 'Switzerland', 'PLAYER', 'Attacker', NULL),
(16281, 1, 'Christian Fassnacht', NULL, '1993-11-11', 'Switzerland', 'PLAYER', 'Attacker', NULL),
(31913, 1, 'Ruben Vargas', NULL, '1998-08-05', 'Switzerland', 'PLAYER', 'Attacker', NULL),
(30780, 1, 'Cédric Itten', NULL, '1996-12-27', 'Switzerland', 'PLAYER', 'Attacker', NULL),
(10197, 1, 'Vladimir Petkovi?', NULL, '1963-08-15', 'Bosnia and Herzegovina', 'COACH', '', NULL),
(114664, 1, 'Antonio Manicone', NULL, '1966-10-27', 'Italy', 'ASSISTANT_COACH', '', NULL),
(30926, 1, 'Peter Abrahamsson', NULL, '1988-07-18', 'Sweden', 'PLAYER', 'Goalkeeper', NULL),
(31025, 1, 'Pontus Dahlberg', NULL, '1999-06-21', 'Sweden', 'PLAYER', 'Goalkeeper', NULL),
(3487, 1, 'Martin Olsson', NULL, '1988-05-17', 'Sweden', 'PLAYER', 'Defender', NULL),
(31127, 1, 'Isak Pettersson', NULL, '1997-06-06', 'Sweden', 'PLAYER', 'Goalkeeper', NULL),
(21173, 1, 'Simon Sandberg', NULL, '1994-03-25', 'Sweden', 'PLAYER', 'Defender', NULL),
(25615, 1, 'Anel Ahmedhodzic', NULL, '1999-03-26', 'Sweden', 'PLAYER', 'Defender', NULL),
(30945, 1, 'Adam Andersson', NULL, '1996-11-11', 'Sweden', 'PLAYER', 'Defender', NULL),
(30932, 1, 'Joel Andersson', NULL, '1996-11-11', 'Sweden', 'PLAYER', 'Defender', NULL),
(30950, 1, 'Gustav Berggren', NULL, '1997-09-07', 'Sweden', 'PLAYER', 'Defender', NULL),
(31067, 1, 'Marcus Danielsson', NULL, '1989-04-08', 'Sweden', 'PLAYER', 'Defender', NULL),
(31313, 1, 'Jacob Une Larsson', NULL, '1994-04-08', 'Sweden', 'PLAYER', 'Defender', NULL),
(3498, 1, 'Alexander Fransson', NULL, '1994-04-02', 'Sweden', 'PLAYER', 'Midfielder', NULL),
(6833, 1, 'Simon Hedlund', NULL, '1993-03-11', 'Sweden', 'PLAYER', 'Midfielder', NULL),
(8699, 1, 'Alexander Ka?anikli?', NULL, '1991-08-13', 'Sweden', 'PLAYER', 'Midfielder', NULL),
(30933, 1, 'Daleho Irandust', NULL, '1998-06-04', 'Sweden', 'PLAYER', 'Midfielder', NULL),
(30971, 1, 'Muamer Tankovic', NULL, '1995-02-22', 'Sweden', 'PLAYER', 'Midfielder', NULL),
(32671, 1, 'Kristopher da Graca', NULL, '1998-01-16', 'Sweden', 'PLAYER', 'Defender', NULL),
(31043, 1, 'August Erlingmark', NULL, '1998-04-22', 'Sweden', 'PLAYER', 'Midfielder', NULL),
(31171, 1, 'Anton Salétros', NULL, '1996-04-12', 'Sweden', 'PLAYER', 'Midfielder', NULL),
(9084, 1, 'Robin Söder', NULL, '1991-04-01', 'Sweden', 'PLAYER', 'Attacker', NULL),
(31603, 1, 'Darijan Bojanic', NULL, '1994-12-28', 'Sweden', 'PLAYER', 'Midfielder', NULL),
(31076, 1, 'Dino Islamovic', NULL, '1994-01-17', 'Sweden', 'PLAYER', 'Attacker', NULL),
(10198, 1, 'Janne Andersson', NULL, '1962-09-29', 'Sweden', 'COACH', '', NULL),
(31243, 1, 'Jesper Karlsson', NULL, '1998-07-25', 'Sweden', 'PLAYER', 'Attacker', NULL),
(31117, 1, 'Jordan Larsson', NULL, '1997-06-20', 'Sweden', 'PLAYER', 'Attacker', NULL),
(3547, 1, 'Lovre Kalini?', NULL, '1990-04-03', 'Croatia', 'PLAYER', 'Goalkeeper', NULL),
(3548, 1, 'Dominik Livakovi?', NULL, '1995-01-09', 'Croatia', 'PLAYER', 'Goalkeeper', NULL),
(15159, 1, 'Simon Sluga', NULL, '1993-03-17', 'Croatia', 'PLAYER', 'Goalkeeper', NULL),
(168, 1, 'Tin Jedvaj', NULL, '1995-11-28', 'Croatia', 'PLAYER', 'Defender', NULL),
(10206, 1, 'Duje ?aleta-Car', NULL, '1996-09-17', 'Croatia', 'PLAYER', 'Defender', NULL),
(10207, 1, 'Borna Bariši?', NULL, '1992-11-10', 'Croatia', 'PLAYER', 'Defender', NULL),
(23125, 1, 'Dino Peri?', NULL, '1994-07-12', 'Croatia', 'PLAYER', 'Defender', NULL),
(24225, 1, 'Karlo Bartolec', NULL, '1995-04-20', 'Croatia', 'PLAYER', 'Defender', NULL),
(84551, 1, 'Dario Melnjak', NULL, '1992-10-31', 'Croatia', 'PLAYER', 'Defender', NULL),
(43, 1, 'Luka Modri?', NULL, '1985-09-09', 'Croatia', 'PLAYER', 'Midfielder', NULL),
(65, 1, 'Mateo Kova?i?', NULL, '1994-05-06', 'Croatia', 'PLAYER', 'Midfielder', NULL),
(1779, 1, 'Milan Badelj', NULL, '1989-02-25', 'Croatia', 'PLAYER', 'Midfielder', NULL),
(2003, 1, 'Marcelo Brozovi?', NULL, '1992-11-16', 'Croatia', 'PLAYER', 'Midfielder', NULL),
(2004, 1, 'Ivan Periši?', NULL, '1989-02-02', 'Croatia', 'PLAYER', 'Midfielder', NULL),
(2098, 1, 'Marko Rog', NULL, '1995-07-19', 'Croatia', 'PLAYER', 'Midfielder', NULL),
(3553, 1, 'Mario Pašali?', NULL, '1995-02-09', 'Croatia', 'PLAYER', 'Midfielder', NULL),
(7843, 1, 'Nikola Vlaši?', NULL, '1997-10-04', 'Croatia', 'PLAYER', 'Midfielder', NULL),
(23202, 1, 'Josip Juranovi?', NULL, '1995-08-16', 'Croatia', 'PLAYER', 'Midfielder', NULL),
(23233, 1, 'Mile Škori?', NULL, '1991-06-19', 'Croatia', 'PLAYER', 'Midfielder', NULL),
(2174, 1, 'Bruno Petkovi?', NULL, '1994-09-16', 'Croatia', 'PLAYER', 'Attacker', NULL),
(3557, 1, 'Ante Rebi?', NULL, '1993-09-23', 'Croatia', 'PLAYER', 'Attacker', NULL),
(9436, 1, 'Josip Brekalo', NULL, '1998-06-23', 'Croatia', 'PLAYER', 'Attacker', NULL),
(73401, 1, 'Mislav Orši?', NULL, '1992-12-29', 'Croatia', 'PLAYER', 'Attacker', NULL),
(10209, 1, 'Zlatko Dali?', NULL, '1966-10-26', 'Croatia', 'COACH', '', NULL),
(3559, 1, 'Fawaz Al Qarni', NULL, '1992-04-02', 'Saudi Arabia', 'PLAYER', 'Goalkeeper', NULL),
(83166, 1, 'Mohammed Al Yami', NULL, '1997-08-14', 'Saudi Arabia', 'PLAYER', 'Goalkeeper', NULL),
(97370, 1, 'Amin Al Bukhari', NULL, '1997-05-02', 'Saudi Arabia', 'PLAYER', 'Goalkeeper', NULL),
(3567, 1, 'Yasir Al Shahrani', NULL, '1992-05-25', 'Saudi Arabia', 'PLAYER', 'Defender', NULL),
(97372, 1, 'Mohammed Khubrani', NULL, '1993-10-14', 'Saudi Arabia', 'PLAYER', 'Defender', NULL),
(83168, 1, 'Sultan Al Ghannam', NULL, '1994-05-06', 'Saudi Arabia', 'PLAYER', 'Defender', NULL),
(99390, 1, 'Hassan Al Tambakti', NULL, '1999-02-09', 'Saudi Arabia', 'PLAYER', 'Defender', NULL),
(114364, 1, 'Ziyad Al Sahafi', NULL, '1994-10-17', 'Saudi Arabia', 'PLAYER', 'Defender', NULL),
(129098, 1, 'Saud Abdulhamid', NULL, '1999-07-18', 'Saudi Arabia', 'PLAYER', 'Defender', NULL),
(136031, 1, 'Talal Al Absi', NULL, '1993-02-22', 'Saudi Arabia', 'PLAYER', 'Defender', NULL),
(3577, 1, 'Nawaf Al Abid', NULL, '1990-01-26', 'Saudi Arabia', 'PLAYER', 'Midfielder', NULL),
(3576, 1, 'Salman Al Faraj', NULL, '1989-08-01', 'Saudi Arabia', 'PLAYER', 'Midfielder', NULL),
(3574, 1, 'Salem Al Dawsari', NULL, '1991-08-19', 'Saudi Arabia', 'PLAYER', 'Midfielder', NULL),
(3579, 1, 'Abdullah Otayf', NULL, '1992-08-03', 'Saudi Arabia', 'PLAYER', 'Midfielder', NULL),
(3580, 1, 'Mohamed Kanno', NULL, '1994-09-22', 'Saudi Arabia', 'PLAYER', 'Midfielder', NULL),
(3582, 1, 'Hattan Babhri', NULL, '1992-07-16', 'Saudi Arabia', 'PLAYER', 'Midfielder', NULL),
(99391, 1, 'Turki Al Ammar', NULL, '1999-09-24', 'Saudi Arabia', 'PLAYER', 'Midfielder', NULL),
(43781, 1, 'Yahia Al Shehri', NULL, '1990-06-26', 'Saudi Arabia', 'PLAYER', 'Midfielder', NULL),
(97374, 1, 'Abdulaziz Al Bishi', NULL, '1994-03-11', 'Saudi Arabia', 'PLAYER', 'Midfielder', NULL),
(129099, 1, 'Abdulfattah Asiri', NULL, '1994-02-26', 'Saudi Arabia', 'PLAYER', 'Midfielder', NULL),
(132019, 1, 'Abdulelah Al Malki', NULL, '1994-10-11', 'Saudi Arabia', 'PLAYER', 'Midfielder', NULL),
(99392, 1, 'Feras Al Brikan', NULL, '2000-05-14', 'Saudi Arabia', 'PLAYER', 'Attacker', NULL),
(129103, 1, 'Abdullah Al Hamdan', NULL, '1999-09-13', 'Saudi Arabia', 'PLAYER', 'Attacker', NULL),
(10170, 1, 'Hervé Renard', NULL, '1968-09-30', 'France', 'COACH', '', NULL),
(805, 1, 'Edouard Mendy', NULL, '1992-03-01', 'Senegal', 'PLAYER', 'Goalkeeper', NULL),
(2345, 1, 'Alfred Gomis', NULL, '1993-09-05', 'Senegal', 'PLAYER', 'Goalkeeper', NULL),
(3614, 1, 'Abdoulaye Diallo', NULL, '1992-03-30', 'Senegal', 'PLAYER', 'Goalkeeper', NULL),
(299, 1, 'Salif Sané', NULL, '1990-08-25', 'Senegal', 'PLAYER', 'Defender', NULL),
(472, 1, 'Saliou Ciss', NULL, '1989-09-15', 'Senegal', 'PLAYER', 'Defender', NULL),
(2086, 1, 'Kalidou Koulibaly', NULL, '1991-06-20', 'Senegal', 'PLAYER', 'Defender', NULL),
(3621, 1, 'Lamine Gassama', NULL, '1989-10-20', 'Senegal', 'PLAYER', 'Defender', NULL),
(3623, 1, 'Moussa Wagué', NULL, '1998-10-04', 'Senegal', 'PLAYER', 'Defender', NULL),
(6311, 1, 'Naby Sarr', NULL, '1993-08-13', 'Senegal', 'PLAYER', 'Defender', NULL),
(8428, 1, 'Racine Coly', NULL, '1995-12-08', 'Senegal', 'PLAYER', 'Defender', NULL),
(456, 1, 'Habib Diallo', NULL, '1995-06-18', 'Senegal', 'PLAYER', 'Midfielder', NULL),
(135398, 1, 'Moussa Ndiaye', NULL, '2002-07-18', 'Senegal', 'PLAYER', 'Defender', NULL),
(693, 1, 'Sidy Sarr', NULL, '1996-06-05', 'Senegal', 'PLAYER', 'Midfielder', NULL),
(3618, 1, 'Cheikhou Kouyaté', NULL, '1989-12-21', 'Senegal', 'PLAYER', 'Midfielder', NULL),
(3627, 1, 'Idrissa Gana Guèye', NULL, '1989-09-26', 'Senegal', 'PLAYER', 'Midfielder', NULL),
(3629, 1, 'Badou Ndiaye', NULL, '1990-10-27', 'Senegal', 'PLAYER', 'Midfielder', NULL),
(8887, 1, 'Krépin Diatta', NULL, '1999-02-25', 'Senegal', 'PLAYER', 'Midfielder', NULL),
(37331, 1, 'Loum Ndiaye', NULL, '1996-12-30', 'Senegal', 'PLAYER', 'Midfielder', NULL),
(101914, 1, 'Ousseynou Thioune', NULL, '1993-11-16', 'Senegal', 'PLAYER', 'Midfielder', NULL),
(2302, 1, 'Mbaye Niang', NULL, '1994-12-19', 'Senegal', 'PLAYER', 'Attacker', NULL),
(860, 1, 'Sada Thioub', NULL, '1995-06-01', 'Senegal', 'PLAYER', 'Attacker', NULL),
(3638, 1, 'Ismaïla Sarr', NULL, '1998-02-25', 'Senegal', 'PLAYER', 'Attacker', NULL),
(3626, 1, 'Sadio Mané', NULL, '1992-04-10', 'Senegal', 'PLAYER', 'Attacker', NULL),
(127103, 1, 'Mame Thiam', NULL, '1992-10-09', 'Senegal', 'PLAYER', 'Attacker', NULL),
(4412, 1, 'Famara Diédhiou', NULL, '1992-05-02', 'Senegal', 'PLAYER', 'Attacker', NULL),
(10168, 1, 'Aliou Cissé', NULL, '1976-03-24', 'Senegal', 'COACH', '', NULL),
(3640, 1, 'Simon Mignolet', NULL, '1989-03-06', 'Belgium', 'PLAYER', 'Goalkeeper', NULL),
(3641, 1, 'Thibaut Courtois', NULL, '1992-05-11', 'Belgium', 'PLAYER', 'Goalkeeper', NULL),
(3643, 1, 'Matz Sels', NULL, '1992-02-26', 'Belgium', 'PLAYER', 'Goalkeeper', NULL),
(8925, 1, 'Hendrik Van Crombrugge', NULL, '1993-04-30', 'Belgium', 'PLAYER', 'Goalkeeper', NULL),
(1836, 1, 'Timothy Castagne', NULL, '1995-12-05', 'Belgium', 'PLAYER', 'Defender', NULL),
(3645, 1, 'Thomas Vermaelen', NULL, '1985-11-14', 'Belgium', 'PLAYER', 'Defender', NULL),
(3647, 1, 'Dedryck Boyata', NULL, '1990-11-28', 'Belgium', 'PLAYER', 'Defender', NULL),
(3648, 1, 'Toby Alderweireld', NULL, '1989-03-02', 'Belgium', 'PLAYER', 'Defender', NULL),
(8873, 1, 'Brandon Mechele', NULL, '1993-01-28', 'Belgium', 'PLAYER', 'Defender', NULL),
(9317, 1, 'Elias Cobbaut', NULL, '1997-11-21', 'Belgium', 'PLAYER', 'Defender', NULL),
(30542, 1, 'Jason Denayer', NULL, '1995-06-28', 'Belgium', 'PLAYER', 'Defender', NULL),
(2259, 1, 'Dennis Praet', NULL, '1994-05-14', 'Belgium', 'PLAYER', 'Midfielder', NULL),
(3653, 1, 'Eden Hazard', NULL, '1991-01-07', 'Belgium', 'PLAYER', 'Midfielder', NULL),
(3655, 1, 'Thorgan Hazard', NULL, '1993-03-29', 'Belgium', 'PLAYER', 'Midfielder', NULL),
(3654, 1, 'Kevin De Bruyne', NULL, '1991-06-28', 'Belgium', 'PLAYER', 'Midfielder', NULL),
(3657, 1, 'Yannick Carrasco', NULL, '1993-09-04', 'Belgium', 'PLAYER', 'Midfielder', NULL),
(3656, 1, 'Axel Witsel', NULL, '1989-01-12', 'Belgium', 'PLAYER', 'Midfielder', NULL),
(3659, 1, 'Leander Dendoncker', NULL, '1995-04-15', 'Belgium', 'PLAYER', 'Midfielder', NULL),
(3658, 1, 'Youri Tielemans', NULL, '1997-05-07', 'Belgium', 'PLAYER', 'Midfielder', NULL),
(8024, 1, 'Nacer Chadli', NULL, '1989-08-02', 'Belgium', 'PLAYER', 'Midfielder', NULL),
(8888, 1, 'Hans Vanaken', NULL, '1992-08-24', 'Belgium', 'PLAYER', 'Midfielder', NULL),
(99767, 1, 'Yari Verschaeren', NULL, '2001-07-12', 'Belgium', 'PLAYER', 'Midfielder', NULL),
(8984, 1, 'Leandro Trossard', NULL, '1994-12-04', 'Belgium', 'PLAYER', 'Midfielder', NULL),
(2103, 1, 'Dries Mertens', NULL, '1987-05-06', 'Belgium', 'PLAYER', 'Attacker', NULL),
(3663, 1, 'Divock Origi', NULL, '1995-04-18', 'Belgium', 'PLAYER', 'Attacker', NULL),
(3662, 1, 'Romelu Lukaku', NULL, '1993-05-13', 'Belgium', 'PLAYER', 'Attacker', NULL),
(8164, 1, 'Christian Benteke', NULL, '1990-12-03', 'Belgium', 'PLAYER', 'Attacker', NULL),
(3664, 1, 'Michy Batshuayi', NULL, '1993-10-02', 'Belgium', 'PLAYER', 'Attacker', NULL),
(10211, 1, 'Roberto Martínez', NULL, '1973-07-13', 'Spain', 'COACH', '', NULL),
(32847, 1, 'Maxime Lestienne', NULL, '1992-06-17', 'Belgium', 'PLAYER', 'Attacker', NULL),
(3745, 1, 'Mohamed Awad', NULL, '1992-07-06', 'Egypt', 'PLAYER', 'Goalkeeper', NULL),
(3743, 1, 'Mohamed El Shenawy', NULL, '1988-12-18', 'Egypt', 'PLAYER', 'Goalkeeper', NULL),
(132386, 1, 'Mohamed Bassam', NULL, '1990-12-25', 'Egypt', 'PLAYER', 'Goalkeeper', NULL),
(3746, 1, 'Ahmed Fathy', NULL, '1984-11-10', 'Egypt', 'PLAYER', 'Defender', NULL),
(3747, 1, 'Ahmed Hegazy', NULL, '1991-01-25', 'Egypt', 'PLAYER', 'Defender', NULL),
(3751, 1, 'Ayman Ashraf', NULL, '1991-04-09', 'Egypt', 'PLAYER', 'Defender', NULL),
(83057, 1, 'Mohamed Hany', NULL, '1996-01-25', 'Egypt', 'PLAYER', 'Defender', NULL),
(83059, 1, 'Baher El Mohamady', NULL, '1996-11-01', 'Egypt', 'PLAYER', 'Defender', NULL),
(114666, 1, 'Mahmoud Alaa', NULL, '1991-01-28', 'Egypt', 'PLAYER', 'Defender', NULL),
(135202, 1, 'Ramy Rabia', NULL, '1993-05-20', 'Egypt', 'PLAYER', 'Defender', NULL),
(135203, 1, 'Mahmoud Wahid', NULL, '1994-06-19', 'Egypt', 'PLAYER', 'Defender', NULL),
(3752, 1, 'Hussein El Shahat', NULL, '1992-06-21', 'Egypt', 'PLAYER', 'Midfielder', NULL),
(3755, 1, 'Mohamed El Neny', NULL, '1992-07-11', 'Egypt', 'PLAYER', 'Midfielder', NULL),
(3759, 1, 'Trezeguet', NULL, '1994-01-10', 'Egypt', 'PLAYER', 'Midfielder', NULL),
(3763, 1, 'Tarek Hamed', NULL, '1988-10-24', 'Egypt', 'PLAYER', 'Midfielder', NULL),
(3767, 1, 'Afsha', NULL, '1996-03-06', 'Egypt', 'PLAYER', 'Midfielder', NULL),
(45207, 1, 'Zizo', NULL, '1996-01-10', 'Egypt', 'PLAYER', 'Midfielder', NULL),
(132388, 1, 'Abdallah Gomaa', NULL, '1996-01-10', 'Egypt', 'PLAYER', 'Midfielder', NULL),
(114668, 1, 'Amr Al Sulaya', NULL, '1989-02-04', 'Egypt', 'PLAYER', 'Midfielder', NULL),
(3754, 1, 'Mohamed Salah', NULL, '1992-06-15', 'Egypt', 'PLAYER', 'Attacker', NULL),
(3756, 1, 'Kahraba', NULL, '1994-04-13', 'Egypt', 'PLAYER', 'Attacker', NULL),
(10175, 1, 'Ahmed Gomaa', NULL, '1988-08-16', 'Egypt', 'PLAYER', 'Attacker', NULL),
(83064, 1, 'Hossam Hassan', NULL, '1993-09-02', 'Egypt', 'PLAYER', 'Attacker', NULL),
(135204, 1, 'Marwan Hamdy', NULL, '1996-11-15', 'Egypt', 'PLAYER', 'Attacker', NULL),
(135205, 1, 'Karim Tarek', NULL, '1992-01-23', 'Egypt', 'PLAYER', 'Attacker', NULL),
(10176, 1, 'Hany Ramzy', NULL, '1969-03-10', 'Egypt', 'LOCAL_COACH', '', NULL),
(132391, 1, 'Hossam El Badry', NULL, '1960-03-18', 'Egypt', 'COACH', '', NULL),
(3794, 1, 'Ali Reza Beiranvand', NULL, '1992-09-21', 'Iran', 'PLAYER', 'Goalkeeper', NULL),
(3795, 1, 'Rashid Mazaheri', NULL, '1989-05-18', 'Iran', 'PLAYER', 'Goalkeeper', NULL),
(103099, 1, 'Payam Niazmand', NULL, '1995-04-06', 'Iran', 'PLAYER', 'Goalkeeper', NULL),
(3802, 1, 'Vorya Ghafouri', NULL, '1987-09-20', 'Iran', 'PLAYER', 'Defender', NULL),
(3803, 1, 'Morteza Pouraliganji', NULL, '1992-04-19', 'Iran', 'PLAYER', 'Defender', NULL),
(3804, 1, 'Ramin Rezaeian', NULL, '1990-03-21', 'Iran', 'PLAYER', 'Defender', NULL),
(3811, 1, 'Milad Mohammadi', NULL, '1993-09-29', 'Iran', 'PLAYER', 'Defender', NULL),
(43783, 1, 'Majid Hosseini', NULL, '1996-06-20', 'Iran', 'PLAYER', 'Defender', NULL),
(72595, 1, 'Mohammad Naderi', NULL, '1996-10-05', 'Iran', 'PLAYER', 'Defender', NULL),
(99344, 1, 'Hossein Kanani', NULL, '1994-03-23', 'Iran', 'PLAYER', 'Defender', NULL),
(129599, 1, 'Siavash Yazdani', NULL, '1992-02-27', 'Iran', 'PLAYER', 'Defender', NULL),
(3807, 1, 'Masoud Shojaei', NULL, '1984-06-09', 'Iran', 'PLAYER', 'Midfielder', NULL),
(3808, 1, 'Omid Ebrahimi', NULL, '1987-09-16', 'Iran', 'PLAYER', 'Midfielder', NULL),
(3809, 1, 'Vahid Amiri', NULL, '1988-04-02', 'Iran', 'PLAYER', 'Midfielder', NULL),
(3810, 1, 'Mahdi Torabi', NULL, '1994-09-10', 'Iran', 'PLAYER', 'Midfielder', NULL),
(3812, 1, 'Ali Karimi', NULL, '1994-02-11', 'Iran', 'PLAYER', 'Midfielder', NULL),
(3814, 1, 'Ali Gholizadeh', NULL, '1996-03-10', 'Iran', 'PLAYER', 'Midfielder', NULL),
(97905, 1, 'Ahmad Noorollahi', NULL, '1993-02-01', 'Iran', 'PLAYER', 'Midfielder', NULL),
(132022, 1, 'Mohammad Mohebbi', NULL, '1998-12-20', 'Iran', 'PLAYER', 'Midfielder', NULL),
(3817, 1, 'Sardar Azmoun', NULL, '1995-01-01', 'Iran', 'PLAYER', 'Attacker', NULL),
(3816, 1, 'Karim Ansarifard', NULL, '1990-04-03', 'Iran', 'PLAYER', 'Attacker', NULL),
(3822, 1, 'Kaveh Rezaei', NULL, '1992-04-05', 'Iran', 'PLAYER', 'Attacker', NULL),
(3820, 1, 'Mehdi Taremi', NULL, '1992-07-18', 'Iran', 'PLAYER', 'Attacker', NULL),
(153, 1, 'Ramazan Özcan', NULL, '1984-06-28', 'Austria', 'PLAYER', 'Goalkeeper', NULL),
(165, 1, 'Niklas Lomb', NULL, '1993-07-28', 'Germany', 'PLAYER', 'Goalkeeper', NULL),
(6696, 1, 'Lukáš Hrádecký', NULL, '1989-11-24', 'Finland', 'PLAYER', 'Goalkeeper', NULL),
(8068, 1, 'Aleksandar Dragovi?', NULL, '1991-03-06', 'Austria', 'PLAYER', 'Defender', NULL),
(6475, 1, 'Wendell', NULL, '1993-07-20', 'Brazil', 'PLAYER', 'Defender', NULL),
(64713, 1, 'Edmond Tapsoba', NULL, '1999-02-02', 'Burkina Faso', 'PLAYER', 'Defender', NULL),
(133548, 1, 'Ayman Azhil', NULL, '2001-04-10', 'Germany', 'PLAYER', 'Defender', NULL),
(147, 1, 'Sven Bender', NULL, '1989-04-27', 'Germany', 'PLAYER', 'Midfielder', NULL),
(151, 1, 'Charles Aránguiz', NULL, '1989-04-17', 'Chile', 'PLAYER', 'Midfielder', NULL),
(167, 1, 'Karim Bellarabi', NULL, '1990-04-08', 'Germany', 'PLAYER', 'Midfielder', NULL),
(169, 1, 'Julian Baumgartlinger', NULL, '1988-01-02', 'Austria', 'PLAYER', 'Midfielder', NULL),
(171, 1, 'Kai Havertz', NULL, '1999-06-11', 'Germany', 'PLAYER', 'Midfielder', NULL),
(313, 1, 'Kerem Demirbay', NULL, '1993-07-03', 'Germany', 'PLAYER', 'Midfielder', NULL),
(6555, 1, 'Mitchell Weiser', NULL, '1994-04-21', 'Germany', 'PLAYER', 'Midfielder', NULL),
(6476, 1, 'Lars Bender', NULL, '1989-04-27', 'Germany', 'PLAYER', 'Midfielder', NULL),
(7558, 1, 'Daley Sinkgraven', NULL, '1995-07-04', 'Netherlands', 'PLAYER', 'Midfielder', NULL),
(101082, 1, 'Adrian Stanilewicz', NULL, '2000-02-22', 'Poland', 'PLAYER', 'Midfielder', NULL),
(11720, 1, 'Exequiel Palacios', NULL, '1998-10-05', 'Argentina', 'PLAYER', 'Midfielder', NULL),
(150, 1, 'Kevin Volland', NULL, '1992-07-30', 'Germany', 'PLAYER', 'Attacker', NULL),
(157, 1, 'Leon Bailey', NULL, '1997-08-09', 'Jamaica', 'PLAYER', 'Attacker', NULL),
(2240, 1, 'Moussa Diaby', NULL, '1999-07-07', 'France', 'PLAYER', 'Attacker', NULL),
(1490, 1, 'Paulinho', NULL, '2000-07-15', 'Brazil', 'PLAYER', 'Attacker', NULL),
(10233, 1, 'Dieter Herzog', NULL, '1946-07-15', 'Germany', 'SCOUT', '', NULL),
(10234, 1, 'Markus Krösche', NULL, '1980-09-17', 'Germany', 'ASSISTANT_COACH', '', NULL),
(43925, 1, 'Peter Bosz', NULL, '1963-11-21', 'Netherlands', 'COACH', '', NULL),
(10235, 1, 'Daniel Niedzkowski', NULL, '1976-12-14', 'Germany', 'ASSISTANT_COACH', '', NULL),
(342, 1, 'Sven Ulreich', NULL, '1988-08-03', 'Germany', 'PLAYER', 'Goalkeeper', NULL),
(347, 1, 'Jérôme Boateng', NULL, '1988-09-03', 'Germany', 'PLAYER', 'Defender', NULL),
(349, 1, 'David Alaba', NULL, '1992-06-24', 'Austria', 'PLAYER', 'Defender', NULL),
(351, 1, 'Niklas Süle', NULL, '1995-09-03', 'Germany', 'PLAYER', 'Defender', NULL),
(352, 1, 'Lukas Mai', NULL, '2000-03-31', 'Germany', 'PLAYER', 'Defender', NULL),
(3364, 1, 'Benjamin Pavard', NULL, '1996-03-28', 'France', 'PLAYER', 'Defender', NULL),
(3365, 1, 'Lucas Hernández', NULL, '1996-02-14', 'France', 'PLAYER', 'Defender', NULL),
(355, 1, 'Javi Martínez', NULL, '1988-09-02', 'Spain', 'PLAYER', 'Midfielder', NULL),
(360, 1, 'Kingsley Coman', NULL, '1996-06-13', 'France', 'PLAYER', 'Midfielder', NULL),
(366, 1, 'Corentin Tolisso', NULL, '1994-08-03', 'France', 'PLAYER', 'Midfielder', NULL),
(4684, 1, 'Sarpreet Singh', NULL, '1999-02-20', 'New Zealand', 'PLAYER', 'Midfielder', NULL),
(11, 1, 'Álvaro Odriozola', NULL, '1995-12-14', 'Spain', 'PLAYER', 'Attacker', NULL),
(6688, 1, 'Mickaël Cuisance', NULL, '1999-08-16', 'France', 'PLAYER', 'Midfielder', NULL),
(370, 1, 'Thomas Müller', NULL, '1989-09-13', 'Germany', 'PLAYER', 'Attacker', NULL),
(6543, 1, 'Jann-Fiete Arp', NULL, '2000-01-06', 'Germany', 'PLAYER', 'Attacker', NULL),
(371, 1, 'Robert Lewandowski', NULL, '1988-08-21', 'Poland', 'PLAYER', 'Attacker', NULL),
(67902, 1, 'Nicolas Kühn', NULL, '2000-01-01', 'Germany', 'PLAYER', 'Attacker', NULL),
(21288, 1, 'Alphonso Davies', NULL, '2000-11-02', 'Canada', 'PLAYER', 'Attacker', NULL),
(72437, 1, 'Oliver Batista-Meier', NULL, '2001-02-16', 'Germany', 'PLAYER', 'Attacker', NULL),
(99692, 1, 'Leon Dajaku', NULL, '2001-04-12', 'Germany', 'PLAYER', 'Attacker', NULL),
(99731, 1, 'Joshua Zirkzee', NULL, '2001-05-22', 'Netherlands', 'PLAYER', 'Attacker', NULL),
(10238, 1, 'Peter Hermann', NULL, '1952-03-22', 'Germany', 'ASSISTANT_COACH', '', NULL),
(133997, 1, 'Hansi Flick', NULL, '1965-02-24', 'Germany', 'COACH', '', NULL),
(6544, 1, 'Thomas Kraft', NULL, '1988-07-22', 'Germany', 'PLAYER', 'Goalkeeper', NULL),
(6545, 1, 'Rune Jarstein', NULL, '1984-09-29', 'Norway', 'PLAYER', 'Goalkeeper', NULL),
(6546, 1, 'Dennis Smarsch', NULL, '1999-01-14', 'Germany', 'PLAYER', 'Goalkeeper', NULL),
(188, 1, 'Lukas Klünter', NULL, '1996-05-26', 'Germany', 'PLAYER', 'Defender', NULL),
(3178, 1, 'Marvin Plattenhardt', NULL, '1992-01-26', 'Germany', 'PLAYER', 'Defender', NULL),
(6548, 1, 'Peter Pekarík', NULL, '1986-10-30', 'Slovakia', 'PLAYER', 'Defender', NULL),
(6549, 1, 'Maximilian Mittelstädt', NULL, '1997-03-18', 'Germany', 'PLAYER', 'Defender', NULL),
(6551, 1, 'Jordan Torunarigha', NULL, '1997-08-07', 'Germany', 'PLAYER', 'Defender', NULL),
(6552, 1, 'Karim Rekik', NULL, '1994-12-02', 'Netherlands', 'PLAYER', 'Defender', NULL),
(3442, 1, 'Marko Gruji?', NULL, '1996-04-13', 'Serbia', 'PLAYER', 'Midfielder', NULL),
(6554, 1, 'Per Skjelbred', NULL, '1987-06-16', 'Norway', 'PLAYER', 'Midfielder', NULL),
(6556, 1, 'Vladimír Darida', NULL, '1990-08-08', 'Czech Republic', 'PLAYER', 'Midfielder', NULL),
(6562, 1, 'Arne Maier', NULL, '1999-01-08', 'Germany', 'PLAYER', 'Midfielder', NULL),
(8128, 1, 'Dodi Lukebakio', NULL, '1997-09-24', 'Belgium', 'PLAYER', 'Midfielder', NULL),
(6714, 1, 'Marius Wolf', NULL, '1995-05-27', 'Germany', 'PLAYER', 'Midfielder', NULL),
(9403, 1, 'Santiago Ascacíbar', NULL, '1997-02-25', 'Argentina', 'PLAYER', 'Midfielder', NULL),
(130420, 1, 'Lazar Samardzic', NULL, '2002-02-24', 'Germany', 'PLAYER', 'Midfielder', NULL),
(6779, 1, 'Pascal Köpke', NULL, '1995-09-03', 'Germany', 'PLAYER', 'Attacker', NULL),
(6567, 1, 'Vedad Ibiševi?', NULL, '1984-08-06', 'Bosnia and Herzegovina', 'PLAYER', 'Attacker', NULL),
(3420, 1, 'Mathew Leckie', NULL, '1991-02-04', 'Australia', 'PLAYER', 'Attacker', NULL),
(6568, 1, 'Alexander Esswein', NULL, '1990-03-25', 'Germany', 'PLAYER', 'Attacker', NULL),
(6566, 1, 'Salomon Kalou', NULL, '1985-08-05', 'Côte d’Ivoire', 'PLAYER', 'Attacker', NULL),
(10203, 1, 'Krzysztof Pi?tek', NULL, '1995-07-01', 'Poland', 'PLAYER', 'Attacker', NULL);
INSERT INTO `jugadores` (`ID`, `ID_Deporte`, `Nombre`, `Descripcion`, `Fecha_Nacimiento`, `Nacionalidad`, `Rol`, `Posicion`, `Imagen`) VALUES
(30842, 1, 'Matheus Cunha', NULL, '1999-05-27', 'Brazil', 'PLAYER', 'Attacker', NULL),
(56598, 1, 'Javairô Dilrosun', NULL, '1998-06-22', 'Netherlands', 'PLAYER', 'Attacker', NULL),
(9411, 1, 'Phillip Menzel', NULL, '1998-08-18', 'Germany', 'PLAYER', 'Goalkeeper', NULL),
(45081, 1, 'Bruno Labbadia', NULL, '1966-02-08', 'Germany', 'COACH', '', NULL),
(3642, 1, 'Koen Casteels', NULL, '1992-06-25', 'Belgium', 'PLAYER', 'Goalkeeper', NULL),
(10700, 1, 'Pavao Pervan', NULL, '1987-11-13', 'Austria', 'PLAYER', 'Goalkeeper', NULL),
(131581, 1, 'Lino Kasten', NULL, '2001-01-17', 'Germany', 'PLAYER', 'Goalkeeper', NULL),
(6850, 1, 'Paulo Otávio', NULL, '1994-11-23', 'Brazil', 'PLAYER', 'Defender', NULL),
(66421, 1, 'Niklas Klinger', NULL, '1995-10-13', 'Germany', 'PLAYER', 'Goalkeeper', NULL),
(8369, 1, 'Jérôme Roussillon', NULL, '1993-01-06', 'France', 'PLAYER', 'Defender', NULL),
(9412, 1, 'Robin Knoche', NULL, '1992-05-22', 'Germany', 'PLAYER', 'Defender', NULL),
(9417, 1, 'John Brooks', NULL, '1993-01-28', 'United States', 'PLAYER', 'Defender', NULL),
(9420, 1, 'Marcel Tisserand', NULL, '1993-01-10', 'Congo DR', 'PLAYER', 'Defender', NULL),
(15110, 1, 'Marin Pongra?i?', NULL, '1997-09-11', 'Croatia', 'PLAYER', 'Defender', NULL),
(385, 1, 'Felix Klaus', NULL, '1992-09-13', 'Germany', 'PLAYER', 'Midfielder', NULL),
(9423, 1, 'Maximilian Arnold', NULL, '1994-05-27', 'Germany', 'PLAYER', 'Midfielder', NULL),
(9418, 1, 'William', NULL, '1995-04-03', 'Brazil', 'PLAYER', 'Defender', NULL),
(9424, 1, 'Josuha Guilavogui', NULL, '1990-09-19', 'France', 'PLAYER', 'Midfielder', NULL),
(16344, 1, 'Xaver Schlager', NULL, '1997-09-28', 'Austria', 'PLAYER', 'Midfielder', NULL),
(9426, 1, 'Yannick Gerhardt', NULL, '1994-03-13', 'Germany', 'PLAYER', 'Midfielder', NULL),
(9431, 1, 'Ignacio Camacho', NULL, '1990-05-04', 'Spain', 'PLAYER', 'Midfielder', NULL),
(66287, 1, 'Iba May', NULL, '1998-06-06', 'Germany', 'PLAYER', 'Midfielder', NULL),
(7404, 1, 'Ismail Azzaoui', NULL, '1998-01-06', 'Belgium', 'PLAYER', 'Attacker', NULL),
(102249, 1, 'Mamoudou Karamoko', NULL, '1999-06-08', 'France', 'PLAYER', 'Midfielder', NULL),
(9437, 1, 'Admir Mehmedi', NULL, '1991-03-16', 'Switzerland', 'PLAYER', 'Attacker', NULL),
(9406, 1, 'Daniel Ginczek', NULL, '1991-04-13', 'Germany', 'PLAYER', 'Attacker', NULL),
(7697, 1, 'Wout Weghorst', NULL, '1992-08-07', 'Netherlands', 'PLAYER', 'Attacker', NULL),
(10717, 1, 'João Victor', NULL, '1994-03-27', 'Brazil', 'PLAYER', 'Attacker', NULL),
(67204, 1, 'Luca Horn', NULL, '1998-12-19', 'Germany', 'PLAYER', 'Attacker', NULL),
(10727, 1, 'Oliver Glasner', NULL, '1974-08-28', 'Austria', 'COACH', '', NULL),
(6616, 1, 'Robin Zentner', NULL, '1994-10-28', 'Germany', 'PLAYER', 'Goalkeeper', NULL),
(6614, 1, 'Florian Müller', NULL, '1997-11-13', 'Germany', 'PLAYER', 'Goalkeeper', NULL),
(57742, 1, 'Olaf Janßen', NULL, '1966-10-08', 'Germany', 'ASSISTANT_COACH', '', NULL),
(6576, 1, 'Philipp Mwene', NULL, '1994-01-29', 'Austria', 'PLAYER', 'Defender', NULL),
(6617, 1, 'Finn Dahmen', NULL, '1998-03-27', 'Germany', 'PLAYER', 'Goalkeeper', NULL),
(6618, 1, 'Daniel Brosinski', NULL, '1988-07-17', 'Germany', 'PLAYER', 'Defender', NULL),
(6620, 1, 'Stefan Bell', NULL, '1991-08-24', 'Germany', 'PLAYER', 'Defender', NULL),
(7465, 1, 'Jerry St. Juste', NULL, '1996-10-19', 'Netherlands', 'PLAYER', 'Defender', NULL),
(6621, 1, 'Alexander Hack', NULL, '1993-09-08', 'Germany', 'PLAYER', 'Defender', NULL),
(8529, 1, 'Ronaël Pierre-Gabriel', NULL, '1998-06-13', 'France', 'PLAYER', 'Defender', NULL),
(8723, 1, 'Moussa Niakhaté', NULL, '1996-03-08', 'France', 'PLAYER', 'Defender', NULL),
(6628, 1, 'Danny Latza', NULL, '1989-12-07', 'Germany', 'PLAYER', 'Midfielder', NULL),
(9414, 1, 'Jeffrey Bruma', NULL, '1991-11-13', 'Netherlands', 'PLAYER', 'Defender', NULL),
(6631, 1, 'Levin Öztunali', NULL, '1996-03-15', 'Germany', 'PLAYER', 'Midfielder', NULL),
(6634, 1, 'Ridle Baku', NULL, '1998-04-08', 'Germany', 'PLAYER', 'Midfielder', NULL),
(32051, 1, 'Pierre Kunde', NULL, '1995-07-26', 'Cameroon', 'PLAYER', 'Midfielder', NULL),
(32701, 1, 'Aaron Martín', NULL, '1997-04-22', 'Spain', 'PLAYER', 'Defender', NULL),
(6632, 1, 'Robin Quaison', NULL, '1993-10-09', 'Sweden', 'PLAYER', 'Midfielder', NULL),
(82403, 1, 'Leandro Barreiro Martins', NULL, '2000-01-03', 'Luxembourg', 'PLAYER', 'Midfielder', NULL),
(329, 1, 'Ádám Szalai', NULL, '1987-12-09', 'Hungary', 'PLAYER', 'Attacker', NULL),
(641, 1, 'Jean-Philippe Mateta', NULL, '1997-06-28', 'France', 'PLAYER', 'Attacker', NULL),
(9218, 1, 'Taiwo Awoniyi', NULL, '1997-08-12', 'Nigeria', 'PLAYER', 'Attacker', NULL),
(7477, 1, 'Jean-Paul Boëtius', NULL, '1994-03-22', 'Netherlands', 'PLAYER', 'Attacker', NULL),
(6636, 1, 'Karim Onisiwo', NULL, '1992-03-17', 'Austria', 'PLAYER', 'Attacker', NULL),
(10045, 1, 'Achim Beierlorzer', NULL, '1967-11-20', 'Germany', 'COACH', '', NULL),
(82404, 1, 'Jonathan Burkardt', NULL, '2000-07-11', 'Germany', 'PLAYER', 'Attacker', NULL),
(10108, 1, 'Ji Dongwon', NULL, '1991-05-28', 'Korea Republic', 'PLAYER', 'Attacker', NULL),
(131968, 1, 'Jan-Moritz Lichte', NULL, '1980-01-12', 'Germany', 'ASSISTANT_COACH', '', NULL),
(9469, 1, 'Alexander Schwolow', NULL, '1992-06-02', 'Germany', 'PLAYER', 'Goalkeeper', NULL),
(9923, 1, 'Mark Flekken', NULL, '1993-06-13', 'Netherlands', 'PLAYER', 'Goalkeeper', NULL),
(80595, 1, 'Niclas Thiede', NULL, '1999-04-14', 'Germany', 'PLAYER', 'Goalkeeper', NULL),
(186, 1, 'Dominique Heintz', NULL, '1993-08-15', 'Germany', 'PLAYER', 'Defender', NULL),
(9473, 1, 'Lukas Kübler', NULL, '1992-08-30', 'Germany', 'PLAYER', 'Defender', NULL),
(9474, 1, 'Manuel Gulde', NULL, '1991-02-12', 'Germany', 'PLAYER', 'Defender', NULL),
(9416, 1, 'Gian-Luca Itter', NULL, '1999-01-05', 'Germany', 'PLAYER', 'Defender', NULL),
(9472, 1, 'Christian Günter', NULL, '1993-02-28', 'Germany', 'PLAYER', 'Defender', NULL),
(9477, 1, 'Philipp Lienhart', NULL, '1996-07-11', 'Austria', 'PLAYER', 'Defender', NULL),
(75539, 1, 'Nico Schlotterbeck', NULL, '1999-12-01', 'Germany', 'PLAYER', 'Defender', NULL),
(3349, 1, 'Kwon Changhoon', NULL, '1994-06-30', 'Korea Republic', 'PLAYER', 'Midfielder', NULL),
(9486, 1, 'Amir Abrashi', NULL, '1990-03-27', 'Albania', 'PLAYER', 'Midfielder', NULL),
(9485, 1, 'Nicolas Höfler', NULL, '1990-03-09', 'Germany', 'PLAYER', 'Midfielder', NULL),
(6686, 1, 'Vincenzo Grifo', NULL, '1993-04-07', 'Italy', 'PLAYER', 'Midfielder', NULL),
(6654, 1, 'Jonathan Schmid', NULL, '1990-06-26', 'France', 'PLAYER', 'Midfielder', NULL),
(9495, 1, 'Yoric Ravet', NULL, '1989-09-12', 'France', 'PLAYER', 'Midfielder', NULL),
(9484, 1, 'Mike Frantz', NULL, '1986-10-14', 'Germany', 'PLAYER', 'Midfielder', NULL),
(9489, 1, 'Janik Haberer', NULL, '1994-04-02', 'Germany', 'PLAYER', 'Midfielder', NULL),
(16119, 1, 'Roland Sallai', NULL, '1997-05-22', 'Hungary', 'PLAYER', 'Midfielder', NULL),
(62947, 1, 'Lino Tempelmann', NULL, '1999-02-02', 'Germany', 'PLAYER', 'Midfielder', NULL),
(75196, 1, 'Felix Bacher', NULL, '2000-10-25', 'Austria', 'PLAYER', 'Midfielder', NULL),
(97120, 1, 'Yannik Keitel', NULL, '2000-02-15', 'Germany', 'PLAYER', 'Midfielder', NULL),
(45083, 1, 'Christian Streich', NULL, '1965-06-11', 'Germany', 'COACH', '', NULL),
(9497, 1, 'Nils Petersen', NULL, '1988-12-06', 'Germany', 'PLAYER', 'Attacker', NULL),
(9501, 1, 'Lucas Höler', NULL, '1994-07-10', 'Germany', 'PLAYER', 'Attacker', NULL),
(6598, 1, 'Brandon Borrello', NULL, '1995-07-25', 'Australia', 'PLAYER', 'Attacker', NULL),
(45084, 1, 'Florian Bruns', NULL, '1979-08-21', 'Germany', 'ASSISTANT_COACH', '', NULL),
(81853, 1, 'Lars Voßler', NULL, '1976-03-09', 'Germany', 'ASSISTANT_COACH', '', NULL),
(9502, 1, 'Michael Rensing', NULL, '1984-05-14', 'Germany', 'PLAYER', 'Goalkeeper', NULL),
(9503, 1, 'Tim Wiesner', NULL, '1996-11-21', 'Germany', 'PLAYER', 'Goalkeeper', NULL),
(9504, 1, 'Raphael Wolf', NULL, '1988-06-06', 'Germany', 'PLAYER', 'Goalkeeper', NULL),
(65417, 1, 'Jannick Theißen', NULL, '1998-01-07', 'Germany', 'PLAYER', 'Goalkeeper', NULL),
(8266, 1, 'Markus Suttner', NULL, '1987-04-16', 'Austria', 'PLAYER', 'Defender', NULL),
(6704, 1, 'Aymen Barkok', NULL, '1998-05-21', 'Germany', 'PLAYER', 'Defender', NULL),
(8498, 1, 'Diego Contento', NULL, '1990-05-01', 'Germany', 'PLAYER', 'Defender', NULL),
(65741, 1, 'Florian Kastenmeier', NULL, '1996-06-28', 'Germany', 'PLAYER', 'Goalkeeper', NULL),
(9509, 1, 'Marcel Sobottka', NULL, '1994-04-25', 'Germany', 'PLAYER', 'Defender', NULL),
(76596, 1, 'Zack Steffen', NULL, '1995-04-02', 'United States', 'PLAYER', 'Goalkeeper', NULL),
(9510, 1, 'Robin Bormuth', NULL, '1995-09-19', 'Germany', 'PLAYER', 'Defender', NULL),
(9512, 1, 'Kaan Ayhan', NULL, '1994-11-10', 'Turkey', 'PLAYER', 'Defender', NULL),
(9513, 1, 'Niko Gießelmann', NULL, '1991-09-26', 'Germany', 'PLAYER', 'Defender', NULL),
(9514, 1, 'Jean Zimmer', NULL, '1993-12-06', 'Germany', 'PLAYER', 'Defender', NULL),
(16269, 1, 'Kassim Nuhu', NULL, '1995-06-22', 'Ghana', 'PLAYER', 'Defender', NULL),
(2263, 1, 'Dawid Kownacki', NULL, '1997-03-14', 'Poland', 'PLAYER', 'Midfielder', NULL),
(6854, 1, 'Alfredo Morales', NULL, '1990-05-12', 'United States', 'PLAYER', 'Midfielder', NULL),
(6862, 1, 'Thomas Pledl', NULL, '1994-05-23', 'Germany', 'PLAYER', 'Midfielder', NULL),
(9139, 1, 'Nana Opoku Ampomah', NULL, '1996-01-02', 'Ghana', 'PLAYER', 'Midfielder', NULL),
(9396, 1, 'Matthias Zimmermann', NULL, '1992-06-16', 'Germany', 'PLAYER', 'Midfielder', NULL),
(9404, 1, 'Erik Thommy', NULL, '1994-08-20', 'Germany', 'PLAYER', 'Midfielder', NULL),
(9999, 1, 'Kevin Stöger', NULL, '1993-08-27', 'Austria', 'PLAYER', 'Midfielder', NULL),
(9515, 1, 'Adam Bodzek', NULL, '1985-09-07', 'Germany', 'PLAYER', 'Midfielder', NULL),
(9517, 1, 'Oliver Fink', NULL, '1982-06-06', 'Germany', 'PLAYER', 'Midfielder', NULL),
(9524, 1, 'Andre Hoffmann', NULL, '1993-02-28', 'Germany', 'PLAYER', 'Midfielder', NULL),
(15099, 1, 'Valon Berisha', NULL, '1993-02-07', 'Kosovo', 'PLAYER', 'Midfielder', NULL),
(114684, 1, 'Shinta Appelkamp', NULL, '2000-11-01', 'Germany', 'PLAYER', 'Midfielder', NULL),
(6510, 1, 'Bernhard Tekpetey', NULL, '1997-09-03', 'Ghana', 'PLAYER', 'Attacker', NULL),
(125030, 1, 'Kelvin Ofori', NULL, '2001-07-27', 'Ghana', 'PLAYER', 'Midfielder', NULL),
(6839, 1, 'Steven Skrzybski', NULL, '1992-11-18', 'Germany', 'PLAYER', 'Attacker', NULL),
(303, 1, 'Kenan Karaman', NULL, '1994-03-05', 'Turkey', 'PLAYER', 'Attacker', NULL),
(14613, 1, 'Uwe Rösler', NULL, '1968-11-15', 'Germany', 'COACH', '', NULL),
(9528, 1, 'Rouwen Hennings', NULL, '1987-08-28', 'Germany', 'PLAYER', 'Attacker', NULL),
(45569, 1, 'Leopold Zingerle', NULL, '1994-04-10', 'Germany', 'PLAYER', 'Goalkeeper', NULL),
(3836, 1, 'Samúel Friðjónsson', NULL, '1996-02-22', 'Iceland', 'PLAYER', 'Defender', NULL),
(7741, 1, 'Jannik Huth', NULL, '1994-04-15', 'Germany', 'PLAYER', 'Goalkeeper', NULL),
(66757, 1, 'Leon Brüggemeier', NULL, '1997-08-23', 'Germany', 'PLAYER', 'Goalkeeper', NULL),
(45573, 1, 'Ben Zolinski', NULL, '1992-05-03', 'Germany', 'PLAYER', 'Defender', NULL),
(8263, 1, 'Uwe Hünemeier', NULL, '1986-01-09', 'Germany', 'PLAYER', 'Defender', NULL),
(45571, 1, 'Christian Strohdiek', NULL, '1988-01-22', 'Germany', 'PLAYER', 'Defender', NULL),
(58511, 1, 'Klaus Gjasula', NULL, '1989-12-14', 'Albania', 'PLAYER', 'Defender', NULL),
(75707, 1, 'Luca Kilian', NULL, '1999-09-01', 'Germany', 'PLAYER', 'Defender', NULL),
(6630, 1, 'Gerrit Holtmann', NULL, '1995-03-25', 'Germany', 'PLAYER', 'Midfielder', NULL),
(8187, 1, 'Abdelhamid Sabiri', NULL, '1996-11-28', 'Germany', 'PLAYER', 'Midfielder', NULL),
(4001, 1, 'Dennis Srbeny', NULL, '1994-05-05', 'Germany', 'PLAYER', 'Midfielder', NULL),
(9493, 1, 'Mohamed Dräger', NULL, '1996-06-25', 'Tunisia', 'PLAYER', 'Midfielder', NULL),
(9136, 1, 'Laurent Jans', NULL, '1992-08-05', 'Luxembourg', 'PLAYER', 'Midfielder', NULL),
(45580, 1, 'Sebastian Schonlau', NULL, '1994-08-05', 'Germany', 'PLAYER', 'Midfielder', NULL),
(50341, 1, 'Rifet Kapi?', NULL, '1995-07-03', 'Bosnia and Herzegovina', 'PLAYER', 'Midfielder', NULL),
(45586, 1, 'Christopher Antwi-Adjei', NULL, '1994-02-07', 'Ghana', 'PLAYER', 'Midfielder', NULL),
(58276, 1, 'Sebastian  Vasiliadis', NULL, '1997-10-04', 'Greece', 'PLAYER', 'Midfielder', NULL),
(56837, 1, 'Dennis Jastrzembski', NULL, '2000-02-20', 'Germany', 'PLAYER', 'Midfielder', NULL),
(110812, 1, 'Antony Evans', NULL, '1998-09-23', 'England', 'PLAYER', 'Midfielder', NULL),
(140813, 1, 'Adrian Oeynhausen', NULL, '2002-01-18', 'Germany', 'PLAYER', 'Midfielder', NULL),
(6810, 1, 'Streli Mamba', NULL, '1994-06-17', 'Germany', 'PLAYER', 'Attacker', NULL),
(10341, 1, 'Kai Pröger', NULL, '1992-05-15', 'Germany', 'PLAYER', 'Attacker', NULL),
(45590, 1, 'Sven Michel', NULL, '1990-07-15', 'Germany', 'PLAYER', 'Attacker', NULL),
(45592, 1, 'Marlon Ritter', NULL, '1994-10-15', 'Germany', 'PLAYER', 'Attacker', NULL),
(45595, 1, 'Steffen Baumgart', NULL, '1972-01-05', 'Germany', 'COACH', '', NULL),
(178, 1, 'Timo Horn', NULL, '1993-05-12', 'Germany', 'PLAYER', 'Goalkeeper', NULL),
(76619, 1, 'Julian Krahl', NULL, '2000-01-22', 'Germany', 'PLAYER', 'Goalkeeper', NULL),
(179, 1, 'Thomas Kessler', NULL, '1986-01-20', 'Germany', 'PLAYER', 'Goalkeeper', NULL),
(189, 1, 'Jorge Meré', NULL, '1997-04-17', 'Spain', 'PLAYER', 'Defender', NULL),
(231, 1, 'Rafael Czichos', NULL, '1990-05-14', 'Germany', 'PLAYER', 'Defender', NULL),
(194, 1, 'Ismail Jakobs', NULL, '1999-08-17', 'Germany', 'PLAYER', 'Defender', NULL),
(235, 1, 'Kingsley Schindler', NULL, '1993-07-12', 'Germany', 'PLAYER', 'Defender', NULL),
(6820, 1, 'Toni Leistner', NULL, '1990-08-19', 'Germany', 'PLAYER', 'Defender', NULL),
(7710, 1, 'Kingsley Ehizibue', NULL, '1995-05-25', 'Netherlands', 'PLAYER', 'Defender', NULL),
(8847, 1, 'Sebastiaan Bornauw', NULL, '1999-03-22', 'Belgium', 'PLAYER', 'Defender', NULL),
(9539, 1, 'Benno Schmitz', NULL, '1994-11-17', 'Germany', 'PLAYER', 'Defender', NULL),
(197, 1, 'Marcel Risse', NULL, '1989-12-17', 'Germany', 'PLAYER', 'Midfielder', NULL),
(200, 1, 'Marco Höger', NULL, '1989-09-16', 'Germany', 'PLAYER', 'Midfielder', NULL),
(130417, 1, 'Robert Voloder', NULL, '2001-05-09', 'Bosnia and Herzegovina', 'PLAYER', 'Defender', NULL),
(202, 1, 'Christian Clemens', NULL, '1991-08-04', 'Germany', 'PLAYER', 'Midfielder', NULL),
(3608, 1, 'Ellyes Skhiri', NULL, '1995-05-10', 'Tunisia', 'PLAYER', 'Midfielder', NULL),
(232, 1, 'Dominick Drexler', NULL, '1990-05-26', 'Germany', 'PLAYER', 'Midfielder', NULL),
(8911, 1, 'Birger Verstraete', NULL, '1994-04-16', 'Belgium', 'PLAYER', 'Midfielder', NULL),
(9432, 1, 'Elvis Rexhbecaj', NULL, '1997-11-01', 'Germany', 'PLAYER', 'Midfielder', NULL),
(9453, 1, 'Florian Kainz', NULL, '1992-10-24', 'Austria', 'PLAYER', 'Midfielder', NULL),
(9968, 1, 'Niklas Hauptmann', NULL, '1996-06-27', 'Germany', 'PLAYER', 'Midfielder', NULL),
(99836, 1, 'Noah Katterbach', NULL, '2001-04-13', 'Germany', 'PLAYER', 'Midfielder', NULL),
(319, 1, 'Mark Uth', NULL, '1991-08-24', 'Germany', 'PLAYER', 'Attacker', NULL),
(212, 1, 'Jhon Córdoba', NULL, '1993-05-10', 'Colombia', 'PLAYER', 'Attacker', NULL),
(21528, 1, 'Anthony Modeste', NULL, '1988-04-14', 'France', 'PLAYER', 'Attacker', NULL),
(214, 1, 'Simon Terodde', NULL, '1988-03-02', 'Germany', 'PLAYER', 'Attacker', NULL),
(57502, 1, 'Markus Gisdol', NULL, '1969-08-17', 'Germany', 'COACH', '', NULL),
(137031, 1, 'Jan Thielmann', NULL, '2002-05-26', 'Germany', 'PLAYER', 'Attacker', NULL),
(7250, 1, 'Joël Drommel', NULL, '1996-11-16', 'Netherlands', 'PLAYER', 'Goalkeeper', NULL),
(7253, 1, 'Jorn Brondeel', NULL, '1993-09-07', 'Belgium', 'PLAYER', 'Goalkeeper', NULL),
(67880, 1, 'Jeffrey De Lange', NULL, '1998-04-01', 'Netherlands', 'PLAYER', 'Goalkeeper', NULL),
(7255, 1, 'Peet Bijen', NULL, '1995-01-28', 'Netherlands', 'PLAYER', 'Defender', NULL),
(135116, 1, 'Ennio van der Gouw', NULL, '2001-01-01', 'Netherlands', 'PLAYER', 'Goalkeeper', NULL),
(7490, 1, 'Giovanni Troupée', NULL, '1998-03-20', 'Netherlands', 'PLAYER', 'Defender', NULL),
(9861, 1, 'Calvin Verdonk', NULL, '1997-04-26', 'Netherlands', 'PLAYER', 'Defender', NULL),
(9419, 1, 'Paul Verhaegh', NULL, '1983-09-01', 'Netherlands', 'PLAYER', 'Defender', NULL),
(33800, 1, 'Julio Pleguezuelo', NULL, '1997-01-26', 'Spain', 'PLAYER', 'Defender', NULL),
(53277, 1, 'Xandro Schenk', NULL, '1993-04-28', 'Netherlands', 'PLAYER', 'Defender', NULL),
(32136, 1, 'José Matos', NULL, '1995-05-06', 'Spain', 'PLAYER', 'Defender', NULL),
(130044, 1, 'Joel Latibeaudiere', NULL, '2000-01-06', 'England', 'PLAYER', 'Defender', NULL),
(4657, 1, 'Wout Brama', NULL, '1986-08-21', 'Netherlands', 'PLAYER', 'Midfielder', NULL),
(7267, 1, 'Haris Vu?ki?', NULL, '1992-08-21', 'Slovenia', 'PLAYER', 'Midfielder', NULL),
(7274, 1, 'Godfried Roemeratoe', NULL, '1999-08-19', 'Netherlands', 'PLAYER', 'Midfielder', NULL),
(9244, 1, 'Lindon Selahi', NULL, '1999-02-26', 'Albania', 'PLAYER', 'Midfielder', NULL),
(32046, 1, 'Javier Espinosa', NULL, '1992-09-19', 'Spain', 'PLAYER', 'Midfielder', NULL),
(7565, 1, 'Noa Lang', NULL, '1999-06-17', 'Netherlands', 'PLAYER', 'Midfielder', NULL),
(15870, 1, 'Oriol Busquets', NULL, '1999-01-20', 'Spain', 'PLAYER', 'Midfielder', NULL),
(32153, 1, 'Giorgi Aburjania', NULL, '1995-01-02', 'Georgia', 'PLAYER', 'Midfielder', NULL),
(48595, 1, 'Keito Nakamura', NULL, '2000-07-28', 'Japan', 'PLAYER', 'Midfielder', NULL),
(124714, 1, 'Jesse Bosch', NULL, '2000-02-01', 'Netherlands', 'PLAYER', 'Midfielder', NULL),
(6637, 1, 'Emil Berggreen', NULL, '1993-05-10', 'Denmark', 'PLAYER', 'Attacker', NULL),
(124715, 1, 'Ramiz Zerrouki', NULL, '1998-05-26', 'Netherlands', 'PLAYER', 'Midfielder', NULL),
(10996, 1, 'Rafik Zekhnini', NULL, '1998-01-12', 'Norway', 'PLAYER', 'Attacker', NULL),
(7276, 1, 'Jari Oosterwijk', NULL, '1995-03-03', 'Netherlands', 'PLAYER', 'Attacker', NULL),
(7737, 1, 'Queensy Menig', NULL, '1995-08-19', 'Netherlands', 'PLAYER', 'Attacker', NULL),
(24508, 1, 'Tim Hölscher', NULL, '1995-01-21', 'Germany', 'PLAYER', 'Attacker', NULL),
(32156, 1, 'Aitor Cantalapiedra', NULL, '1996-02-10', 'Spain', 'PLAYER', 'Attacker', NULL),
(67907, 1, 'Koen Bucker', NULL, '1996-06-18', 'Netherlands', 'PLAYER', 'Goalkeeper', NULL),
(121013, 1, 'Gonzalo García', NULL, '1983-10-13', 'Spain', 'COACH', '', NULL),
(6931, 1, 'Janis Blaswich', NULL, '1991-05-02', 'Germany', 'PLAYER', 'Goalkeeper', NULL),
(7345, 1, 'Michael Brouwer', NULL, '1993-01-21', 'Netherlands', 'PLAYER', 'Goalkeeper', NULL),
(7348, 1, 'Tim Breukers', NULL, '1987-11-04', 'Netherlands', 'PLAYER', 'Defender', NULL),
(7350, 1, 'Robin Pröpper', NULL, '1993-09-23', 'Netherlands', 'PLAYER', 'Defender', NULL),
(7353, 1, 'Dario Van den Buijs', NULL, '1995-09-12', 'Belgium', 'PLAYER', 'Defender', NULL),
(7354, 1, 'Jeff Hardeveld', NULL, '1995-02-27', 'Netherlands', 'PLAYER', 'Defender', NULL),
(10547, 1, 'Stephen Sama', NULL, '1993-03-05', 'Germany', 'PLAYER', 'Defender', NULL),
(67889, 1, 'Navajo Bakboord', NULL, '1999-01-29', 'Netherlands', 'PLAYER', 'Defender', NULL),
(92196, 1, 'Jelle van Benthem', NULL, '1999-01-22', 'Netherlands', 'PLAYER', 'Defender', NULL),
(58446, 1, 'Maximilian Rossmann', NULL, '1995-05-06', 'Germany', 'PLAYER', 'Defender', NULL),
(110916, 1, 'Mats Knoester', NULL, '1998-11-19', 'Netherlands', 'PLAYER', 'Defender', NULL),
(7363, 1, 'Sebastian Jakubiak', NULL, '1993-06-21', 'Germany', 'PLAYER', 'Midfielder', NULL),
(7364, 1, 'Niels Leemhuis', NULL, '1997-09-28', 'Netherlands', 'PLAYER', 'Midfielder', NULL),
(124711, 1, 'Giacomo Quagliata', NULL, '2000-02-19', 'Italy', 'PLAYER', 'Defender', NULL),
(7359, 1, 'Reuven Niemeijer', NULL, '1995-03-27', 'Netherlands', 'PLAYER', 'Midfielder', NULL),
(7365, 1, 'Mohammed Osman', NULL, '1993-01-01', 'Syria', 'PLAYER', 'Midfielder', NULL),
(7451, 1, 'Mauro Júnior', NULL, '1999-05-06', 'Brazil', 'PLAYER', 'Midfielder', NULL),
(7663, 1, 'Lucas Schoofs', NULL, '1997-01-03', 'Belgium', 'PLAYER', 'Midfielder', NULL),
(7765, 1, 'Dabney dos Santos', NULL, '1996-03-12', 'Netherlands', 'PLAYER', 'Midfielder', NULL),
(67892, 1, 'Teun Bijleveld', NULL, '1998-05-27', 'Netherlands', 'PLAYER', 'Midfielder', NULL),
(10756, 1, 'Alexander Merkel', NULL, '1992-02-22', 'Kazakhstan', 'PLAYER', 'Midfielder', NULL),
(10358, 1, 'Orestis Kiomourtzoglou', NULL, '1998-05-07', 'Germany', 'PLAYER', 'Midfielder', NULL),
(9634, 1, 'Jeremy Cijntje', NULL, '1998-01-08', 'Curaçao', 'PLAYER', 'Attacker', NULL),
(9808, 1, 'Delano Burgzorg', NULL, '1998-11-07', 'Netherlands', 'PLAYER', 'Attacker', NULL),
(7536, 1, 'Jesper Drost', NULL, '1993-01-11', 'Netherlands', 'PLAYER', 'Attacker', NULL),
(7509, 1, 'Cyriel Dessers', NULL, '1994-12-08', 'Belgium', 'PLAYER', 'Attacker', NULL),
(9733, 1, 'Silvester van der Water', NULL, '1996-09-30', 'Netherlands', 'PLAYER', 'Attacker', NULL),
(67976, 1, 'Joey Konings', NULL, '1998-04-21', 'Netherlands', 'PLAYER', 'Attacker', NULL),
(65418, 1, 'Adrian Szöke', NULL, '1998-07-01', 'Serbia', 'PLAYER', 'Attacker', NULL),
(110815, 1, 'Mohamed Amissi', NULL, '2000-08-03', 'Burundi', 'PLAYER', 'Attacker', NULL),
(72767, 1, 'Frank Wormuth', NULL, '1960-09-13', 'Germany', 'COACH', '', NULL),
(7460, 1, 'Justin Bijlow', NULL, '1998-01-22', 'Netherlands', 'PLAYER', 'Goalkeeper', NULL),
(7461, 1, 'Ramón ten Hove', NULL, '1998-03-03', 'Netherlands', 'PLAYER', 'Goalkeeper', NULL),
(7486, 1, 'Nick Marsman', NULL, '1990-10-01', 'Netherlands', 'PLAYER', 'Goalkeeper', NULL),
(114787, 1, 'Elber Evora', NULL, '1999-12-02', 'Cape Verde Islands', 'PLAYER', 'Goalkeeper', NULL),
(7463, 1, 'Eric Botteghin', NULL, '1987-08-31', 'Brazil', 'PLAYER', 'Defender', NULL),
(7462, 1, 'Sven van Beek', NULL, '1994-07-28', 'Netherlands', 'PLAYER', 'Defender', NULL),
(7466, 1, 'Ridgeciano Haps', NULL, '1993-06-12', 'Netherlands', 'PLAYER', 'Defender', NULL),
(7467, 1, 'Tyrell Malacia', NULL, '1999-08-17', 'Netherlands', 'PLAYER', 'Defender', NULL),
(7468, 1, 'Lutsharel Geertruida', NULL, '2000-07-18', 'Netherlands', 'PLAYER', 'Defender', NULL),
(46046, 1, 'Marcos Senesi', NULL, '1997-05-10', 'Argentina', 'PLAYER', 'Defender', NULL),
(8396, 1, 'Edgar Ié', NULL, '1994-05-01', 'Portugal', 'PLAYER', 'Defender', NULL),
(125220, 1, 'George Johnston', NULL, '1998-09-01', 'Scotland', 'PLAYER', 'Defender', NULL),
(126737, 1, 'Denzel Hall', NULL, '2001-05-22', 'Netherlands', 'PLAYER', 'Defender', NULL),
(1817, 1, 'Rick Karsdorp', NULL, '1995-02-11', 'Netherlands', 'PLAYER', 'Midfielder', NULL),
(3782, 1, 'Renato Tapia', NULL, '1995-07-28', 'Peru', 'PLAYER', 'Midfielder', NULL),
(7470, 1, 'Jens Toornstra', NULL, '1989-04-04', 'Netherlands', 'PLAYER', 'Midfielder', NULL),
(7472, 1, 'Jan-Arie van der Heijden', NULL, '1988-03-03', 'Netherlands', 'PLAYER', 'Midfielder', NULL),
(7975, 1, 'Leroy Fer', NULL, '1990-01-05', 'Netherlands', 'PLAYER', 'Midfielder', NULL),
(7474, 1, 'Orkun Kökçü', NULL, '2000-12-29', 'Turkey', 'PLAYER', 'Midfielder', NULL),
(15948, 1, 'O?uzhan Özyakup', NULL, '1992-09-23', 'Turkey', 'PLAYER', 'Midfielder', NULL),
(117427, 1, 'Naoufal Bannis', NULL, '2002-03-11', 'Netherlands', 'PLAYER', 'Midfielder', NULL),
(7478, 1, 'Steven Berghuis', NULL, '1991-12-19', 'Netherlands', 'PLAYER', 'Attacker', NULL),
(3469, 1, 'Nicolai Jørgensen', NULL, '1991-01-15', 'Denmark', 'PLAYER', 'Attacker', NULL),
(7480, 1, 'Sam Larsson', NULL, '1993-04-10', 'Sweden', 'PLAYER', 'Attacker', NULL),
(128715, 1, 'Marouan Azarkan', NULL, '2001-12-08', 'Netherlands', 'PLAYER', 'Attacker', NULL),
(7983, 1, 'Luciano Narsingh', NULL, '1990-09-13', 'Netherlands', 'PLAYER', 'Attacker', NULL),
(140290, 1, 'Róbert Boženík', NULL, '1999-11-18', 'Slovakia', 'PLAYER', 'Attacker', NULL),
(9591, 1, 'Dick Advocaat', NULL, '1947-09-27', 'Netherlands', 'COACH', '', NULL),
(216, 1, 'Thorsten Kirschbaum', NULL, '1987-04-20', 'Germany', 'PLAYER', 'Goalkeeper', NULL),
(22040, 1, 'Luis Sinisterra', NULL, '1999-06-17', 'Colombia', 'PLAYER', 'Attacker', NULL),
(7287, 1, 'Bram Verbong', NULL, '1999-12-23', 'Netherlands', 'PLAYER', 'Goalkeeper', NULL),
(101383, 1, 'Jens Craenmehr', NULL, '2002-04-30', 'Netherlands', 'PLAYER', 'Goalkeeper', NULL),
(7284, 1, 'Delano van Crooij', NULL, '1991-06-05', 'Netherlands', 'PLAYER', 'Goalkeeper', NULL),
(7411, 1, 'Warner Hahn', NULL, '1992-06-15', 'Netherlands', 'PLAYER', 'Goalkeeper', NULL),
(7412, 1, 'Trevor Doornbusch', NULL, '1999-07-06', 'Netherlands', 'PLAYER', 'Goalkeeper', NULL),
(9778, 1, 'Filip Bednarek', NULL, '1992-09-26', 'Poland', 'PLAYER', 'Goalkeeper', NULL),
(7416, 1, 'Daniel Høegh', NULL, '1991-01-06', 'Denmark', 'PLAYER', 'Defender', NULL),
(7418, 1, 'Lucas Woudenberg', NULL, '1994-04-25', 'Netherlands', 'PLAYER', 'Defender', NULL),
(7681, 1, 'Ricardo van Rhijn', NULL, '1991-06-13', 'Netherlands', 'PLAYER', 'Defender', NULL),
(7744, 1, 'Sheral Floranus', NULL, '1998-08-23', 'Netherlands', 'PLAYER', 'Defender', NULL),
(27243, 1, '?oàn V?n H?u', NULL, '1999-04-19', 'Vietnam', 'PLAYER', 'Defender', NULL),
(53426, 1, 'Joey Veerman', NULL, '1998-11-19', 'Netherlands', 'PLAYER', 'Defender', NULL),
(31248, 1, 'Ibrahim Dresevic', NULL, '1997-01-24', 'Kosovo', 'PLAYER', 'Defender', NULL),
(81082, 1, 'Sven Botman', NULL, '2000-01-12', 'Netherlands', 'PLAYER', 'Defender', NULL),
(3131, 1, 'Alen Halilovi?', NULL, '1996-06-18', 'Croatia', 'PLAYER', 'Midfielder', NULL),
(5296, 1, 'Rodney Kongolo', NULL, '1998-01-09', 'Netherlands', 'PLAYER', 'Midfielder', NULL),
(7336, 1, 'Hicham Faik', NULL, '1993-03-19', 'Netherlands', 'PLAYER', 'Midfielder', NULL),
(7424, 1, 'Jordy Bruijn', NULL, '1996-07-23', 'Netherlands', 'PLAYER', 'Midfielder', NULL),
(7592, 1, 'Mitchell van Bergen', NULL, '1999-08-27', 'Netherlands', 'PLAYER', 'Midfielder', NULL),
(113380, 1, 'Rami Hajal', NULL, '2001-09-17', 'Sweden', 'PLAYER', 'Midfielder', NULL),
(124776, 1, 'Hamdi Akujobi', NULL, '2000-01-20', 'Netherlands', 'PLAYER', 'Midfielder', NULL),
(124777, 1, 'Jan Ras', NULL, '1999-01-28', 'Netherlands', 'PLAYER', 'Midfielder', NULL),
(2017, 1, 'Jens Odgaard', NULL, '1999-03-31', 'Denmark', 'PLAYER', 'Attacker', NULL),
(38554, 1, 'Runar Espejord', NULL, '1996-02-26', 'Norway', 'PLAYER', 'Attacker', NULL),
(38625, 1, 'Chidera Ejuke', NULL, '1998-01-02', 'Nigeria', 'PLAYER', 'Attacker', NULL),
(102355, 1, 'Arjen van der Heide', NULL, '2001-11-19', 'Netherlands', 'PLAYER', 'Attacker', NULL),
(136757, 1, 'Rein Smit', NULL, '2001-01-05', 'Netherlands', 'PLAYER', 'Attacker', NULL),
(116263, 1, 'Johnny Jansen', NULL, '1975-03-02', 'Netherlands', 'COACH', '', NULL),
(7375, 1, 'Timon Wellenreuther', NULL, '1995-12-03', 'Germany', 'PLAYER', 'Goalkeeper', NULL),
(43141, 1, 'Georgios Strezos', NULL, '1995-07-06', 'Greece', 'PLAYER', 'Goalkeeper', NULL),
(80167, 1, 'Michael Woud', NULL, '1999-01-16', 'New Zealand', 'PLAYER', 'Goalkeeper', NULL),
(124552, 1, 'Connor van den Berg', NULL, '2001-03-18', 'Netherlands', 'PLAYER', 'Goalkeeper', NULL),
(4683, 1, 'James McGarry', NULL, '1998-04-09', 'New Zealand', 'PLAYER', 'Defender', NULL),
(192, 1, 'João Pereira Queirós', NULL, '1998-04-22', 'Portugal', 'PLAYER', 'Defender', NULL),
(7378, 1, 'Freek Heerkens', NULL, '1989-09-13', 'Netherlands', 'PLAYER', 'Defender', NULL),
(7379, 1, 'Jordens Peters', NULL, '1987-05-03', 'Netherlands', 'PLAYER', 'Defender', NULL),
(7384, 1, 'Fernando Lewis', NULL, '1993-01-31', 'Netherlands', 'PLAYER', 'Defender', NULL),
(7390, 1, 'Dylan Ryan', NULL, '2000-06-10', 'Australia', 'PLAYER', 'Defender', NULL),
(7753, 1, 'Miquel Nelom', NULL, '1990-09-22', 'Netherlands', 'PLAYER', 'Defender', NULL),
(7471, 1, 'Bart Nieuwkoop', NULL, '1996-03-07', 'Netherlands', 'PLAYER', 'Midfielder', NULL),
(49220, 1, 'Sebastian Holmén', NULL, '1992-04-29', 'Sweden', 'PLAYER', 'Defender', NULL),
(15990, 1, 'Marious Vrousai', NULL, '1998-07-02', 'Greece', 'PLAYER', 'Midfielder', NULL),
(9997, 1, 'Görkem Sa?lam', NULL, '1998-04-11', 'Germany', 'PLAYER', 'Midfielder', NULL),
(24805, 1, 'Johnny Quiñónez', NULL, '1998-06-11', 'Ecuador', 'PLAYER', 'Midfielder', NULL),
(53470, 1, 'Dries Saddiki', NULL, '1996-08-09', 'Netherlands', 'PLAYER', 'Midfielder', NULL),
(64186, 1, 'Pol Llonch', NULL, '1992-10-07', 'Spain', 'PLAYER', 'Midfielder', NULL),
(67299, 1, 'Vangelis Pavlidis', NULL, '1998-11-21', 'Greece', 'PLAYER', 'Midfielder', NULL),
(124551, 1, 'Rick Zuijderwijk', NULL, '2001-04-13', 'Netherlands', 'PLAYER', 'Midfielder', NULL),
(6538, 1, 'Mats Köhlert', NULL, '1998-05-02', 'Germany', 'PLAYER', 'Attacker', NULL),
(7370, 1, 'Paul Gladon', NULL, '1992-03-18', 'Netherlands', 'PLAYER', 'Attacker', NULL),
(7408, 1, 'Damil Dankerlui', NULL, '1996-08-24', 'Netherlands', 'PLAYER', 'Attacker', NULL),
(53408, 1, 'Elton Kabangu', NULL, '1998-02-08', 'Congo DR', 'PLAYER', 'Attacker', NULL),
(67896, 1, 'Ché Nunnely', NULL, '1999-02-04', 'Netherlands', 'PLAYER', 'Attacker', NULL),
(85577, 1, 'Mike Ndayishimye', NULL, '1999-05-28', 'Belgium', 'PLAYER', 'Attacker', NULL),
(4041, 1, 'Robbin Ruiter', NULL, '1987-03-25', 'Netherlands', 'PLAYER', 'Goalkeeper', NULL),
(72768, 1, 'Adrie Koster', NULL, '1954-11-18', 'Netherlands', 'COACH', '', NULL),
(7286, 1, 'Lars Unnerstall', NULL, '1990-07-20', 'Germany', 'PLAYER', 'Goalkeeper', NULL),
(7435, 1, 'Yanick van Osch', NULL, '1997-03-24', 'Netherlands', 'PLAYER', 'Goalkeeper', NULL),
(7436, 1, 'Mike van de Meulenhof', NULL, '1999-05-11', 'Netherlands', 'PLAYER', 'Goalkeeper', NULL),
(67958, 1, 'Youri Roulaux', NULL, '1999-05-19', 'Netherlands', 'PLAYER', 'Goalkeeper', NULL),
(846, 1, 'Olivier Boscagli', NULL, '1997-11-18', 'France', 'PLAYER', 'Defender', NULL),
(7417, 1, 'Denzel Dumfries', NULL, '1996-04-18', 'Netherlands', 'PLAYER', 'Defender', NULL),
(7441, 1, 'Daniel Schwaab', NULL, '1988-08-23', 'Germany', 'PLAYER', 'Defender', NULL),
(7439, 1, 'Jorrit Hendrix', NULL, '1995-02-06', 'Netherlands', 'PLAYER', 'Defender', NULL),
(67965, 1, 'Jordan Teze', NULL, '1999-09-30', 'Netherlands', 'PLAYER', 'Defender', NULL),
(7548, 1, 'Nick Viergever', NULL, '1989-08-03', 'Netherlands', 'PLAYER', 'Defender', NULL),
(9390, 1, 'Timo Baumgartl', NULL, '1996-03-04', 'Germany', 'PLAYER', 'Defender', NULL),
(102187, 1, 'Tijn Daverveld', NULL, '2000-04-29', 'Netherlands', 'PLAYER', 'Defender', NULL),
(7531, 1, 'Ritsu Doan', NULL, '1998-06-16', 'Japan', 'PLAYER', 'Midfielder', NULL),
(7448, 1, 'Pablo Rosario', NULL, '1997-01-07', 'Netherlands', 'PLAYER', 'Midfielder', NULL),
(7723, 1, 'Ryan Thomas', NULL, '1994-12-20', 'New Zealand', 'PLAYER', 'Midfielder', NULL),
(7954, 1, 'Ibrahim Afellay', NULL, '1986-04-02', 'Netherlands', 'PLAYER', 'Midfielder', NULL),
(80168, 1, 'Robin Lauwers', NULL, '1999-03-18', 'Belgium', 'PLAYER', 'Midfielder', NULL),
(39298, 1, 'Érick Gutiérrez', NULL, '1995-06-15', 'Mexico', 'PLAYER', 'Midfielder', NULL),
(67970, 1, 'Michal Sadílek', NULL, '1999-05-31', 'Czech Republic', 'PLAYER', 'Midfielder', NULL),
(97367, 1, 'Justin de Haas', NULL, '2000-02-01', 'Netherlands', 'PLAYER', 'Midfielder', NULL),
(122470, 1, 'Richard Ledezma', NULL, '2000-09-06', 'United States', 'PLAYER', 'Midfielder', NULL),
(127656, 1, 'Chukwunonso Madueke', NULL, '2002-03-10', 'England', 'PLAYER', 'Midfielder', NULL),
(7455, 1, 'Sam Lammers', NULL, '1997-04-30', 'Netherlands', 'PLAYER', 'Attacker', NULL),
(7457, 1, 'Donyell Malen', NULL, '1999-01-19', 'Netherlands', 'PLAYER', 'Attacker', NULL),
(7459, 1, 'Cody Gakpo', NULL, '1999-05-07', 'Netherlands', 'PLAYER', 'Attacker', NULL),
(8363, 1, 'Kostas Mitroglou', NULL, '1988-03-12', 'Greece', 'PLAYER', 'Attacker', NULL),
(81084, 1, 'Amar ?ati?', NULL, '1999-01-21', 'Bosnia and Herzegovina', 'PLAYER', 'Attacker', NULL),
(99859, 1, 'Cyril Ngonge', NULL, '2000-05-26', 'Belgium', 'PLAYER', 'Attacker', NULL),
(102339, 1, 'Mohammed Ihattaren', NULL, '2002-02-12', 'Netherlands', 'PLAYER', 'Attacker', NULL),
(9583, 1, 'Ernest Faber', NULL, '1971-08-27', 'Netherlands', 'INTERIM_COACH', '', NULL),
(7433, 1, 'Jeroen Zoet', NULL, '1991-01-06', 'Netherlands', 'PLAYER', 'Goalkeeper', NULL),
(7483, 1, 'Thijmen Nijhuis', NULL, '1998-07-25', 'Netherlands', 'PLAYER', 'Goalkeeper', NULL),
(9854, 1, 'Maarten Paes', NULL, '1998-05-14', 'Netherlands', 'PLAYER', 'Goalkeeper', NULL),
(67930, 1, 'Fabian de Keijzer', NULL, '2000-05-10', 'Netherlands', 'PLAYER', 'Goalkeeper', NULL),
(396, 1, 'Justin Hoogma', NULL, '1998-06-11', 'Netherlands', 'PLAYER', 'Defender', NULL),
(82986, 1, 'Joey Houweling', NULL, '2000-04-07', 'Netherlands', 'PLAYER', 'Goalkeeper', NULL),
(6579, 1, 'Leon Guwara', NULL, '1996-06-28', 'Germany', 'PLAYER', 'Defender', NULL),
(7487, 1, 'Mark van der Maarel', NULL, '1989-08-12', 'Netherlands', 'PLAYER', 'Defender', NULL),
(57507, 1, 'Lamine Sané', NULL, '1987-03-22', 'Senegal', 'PLAYER', 'Defender', NULL),
(67941, 1, 'Tommy St. Jago', NULL, '2000-01-03', 'Netherlands', 'PLAYER', 'Defender', NULL),
(81083, 1, 'Sylian Mokono', NULL, '1999-03-22', 'Netherlands', 'PLAYER', 'Defender', NULL),
(67943, 1, 'Gabriël Culhaci', NULL, '1999-12-30', 'Netherlands', 'PLAYER', 'Defender', NULL),
(7236, 1, 'Simon Gustafson', NULL, '1995-01-11', 'Sweden', 'PLAYER', 'Midfielder', NULL),
(67944, 1, 'Christopher  Mamengi', NULL, '2001-04-03', 'Netherlands', 'PLAYER', 'Defender', NULL),
(7271, 1, 'Adam Maher', NULL, '1993-07-20', 'Netherlands', 'PLAYER', 'Midfielder', NULL),
(7361, 1, 'Kristoffer Peterson', NULL, '1994-11-28', 'Sweden', 'PLAYER', 'Midfielder', NULL),
(7447, 1, 'Bart Ramselaar', NULL, '1996-06-29', 'Netherlands', 'PLAYER', 'Midfielder', NULL),
(7495, 1, 'Willem Janssen', NULL, '1986-07-04', 'Netherlands', 'PLAYER', 'Midfielder', NULL),
(7499, 1, 'Odysseus Velanas', NULL, '1998-06-05', 'Netherlands', 'PLAYER', 'Midfielder', NULL),
(7501, 1, 'Urby Emanuelson', NULL, '1986-06-16', 'Netherlands', 'PLAYER', 'Midfielder', NULL),
(7684, 1, 'Joris van Overeem', NULL, '1994-06-01', 'Netherlands', 'PLAYER', 'Midfielder', NULL),
(7502, 1, 'Sander van de Streek', NULL, '1993-03-24', 'Netherlands', 'PLAYER', 'Midfielder', NULL),
(7496, 1, 'Sean Klaiber', NULL, '1994-07-31', 'Netherlands', 'PLAYER', 'Midfielder', NULL),
(67825, 1, 'Issah Abbas', NULL, '1998-09-26', 'Ghana', 'PLAYER', 'Midfielder', NULL),
(67946, 1, 'Marco van Rooijen', NULL, '1998-12-22', 'Netherlands', 'PLAYER', 'Midfielder', NULL),
(99025, 1, 'Mark Pabei', NULL, '2000-09-30', 'Netherlands', 'PLAYER', 'Midfielder', NULL),
(125688, 1, 'Rida El Barjiji', NULL, '2001-10-20', 'Netherlands', 'PLAYER', 'Midfielder', NULL),
(7506, 1, 'Gyrano Kerk', NULL, '1995-12-02', 'Netherlands', 'PLAYER', 'Attacker', NULL),
(7508, 1, 'Jean-Christophe Bahebeck', NULL, '1993-05-01', 'France', 'PLAYER', 'Attacker', NULL),
(7568, 1, 'Václav ?erný', NULL, '1997-10-17', 'Czech Republic', 'PLAYER', 'Attacker', NULL),
(33014, 1, 'Adrián Dalmau', NULL, '1994-03-23', 'Spain', 'PLAYER', 'Attacker', NULL),
(67301, 1, 'Jonas Arweiler', NULL, '1997-04-10', 'Germany', 'PLAYER', 'Attacker', NULL),
(67979, 1, 'Justin Lonwijk', NULL, '1999-12-21', 'Netherlands', 'PLAYER', 'Attacker', NULL),
(83162, 1, 'Eros Maddy', NULL, '2001-02-05', 'Netherlands', 'PLAYER', 'Attacker', NULL),
(9557, 1, 'John van den Brom', NULL, '1966-10-04', 'Netherlands', 'COACH', '', NULL),
(7434, 1, 'Luuk Koopmans', NULL, '1993-11-18', 'Netherlands', 'PLAYER', 'Goalkeeper', NULL),
(7608, 1, 'Robert Zwinkels', NULL, '1983-05-04', 'Netherlands', 'PLAYER', 'Goalkeeper', NULL),
(4143, 1, 'Laurens De Bock', NULL, '1992-11-07', 'Belgium', 'PLAYER', 'Defender', NULL),
(124801, 1, 'Youri Schoonderwaldt', NULL, '2000-03-13', 'Netherlands', 'PLAYER', 'Goalkeeper', NULL),
(4230, 1, 'Jordan Spence', NULL, '1990-05-24', 'England', 'PLAYER', 'Defender', NULL),
(7619, 1, 'Donny Gorter', NULL, '1988-06-15', 'Netherlands', 'PLAYER', 'Defender', NULL),
(7613, 1, 'Tom Beugelsdijk', NULL, '1990-08-07', 'Netherlands', 'PLAYER', 'Defender', NULL),
(9101, 1, 'Aleksandar Bjelica', NULL, '1994-01-07', 'Serbia', 'PLAYER', 'Defender', NULL),
(16005, 1, 'Tudor B?lu??', NULL, '1999-03-27', 'Romania', 'PLAYER', 'Defender', NULL),
(48492, 1, 'Sam Stubbs', NULL, '1998-11-20', 'England', 'PLAYER', 'Defender', NULL),
(137324, 1, 'Danté Roethof', NULL, '2001-03-03', 'Netherlands', 'PLAYER', 'Defender', NULL),
(80283, 1, 'Dion Malone', NULL, '1989-02-13', 'Netherlands', 'PLAYER', 'Defender', NULL),
(4308, 1, 'Mark Duffy', NULL, '1985-10-07', 'England', 'PLAYER', 'Midfielder', NULL),
(112889, 1, 'Dehninio Muringen', NULL, '1999-02-01', 'Netherlands', 'PLAYER', 'Defender', NULL),
(7624, 1, 'Danny Bakker', NULL, '1995-01-16', 'Netherlands', 'PLAYER', 'Midfielder', NULL),
(7623, 1, 'Aaron Meijers', NULL, '1987-10-28', 'Netherlands', 'PLAYER', 'Midfielder', NULL),
(7627, 1, 'Erik Falkenburg', NULL, '1988-05-05', 'Netherlands', 'PLAYER', 'Midfielder', NULL),
(7625, 1, 'Lex Immers', NULL, '1986-06-08', 'Netherlands', 'PLAYER', 'Midfielder', NULL),
(7629, 1, 'Shaquille Pinas', NULL, '1998-03-19', 'Netherlands', 'PLAYER', 'Midfielder', NULL),
(7630, 1, 'Mats van Kins', NULL, '1998-12-17', 'Netherlands', 'PLAYER', 'Midfielder', NULL),
(8074, 1, 'George Thomas', NULL, '1997-03-24', 'Wales', 'PLAYER', 'Midfielder', NULL),
(81802, 1, 'Maarten Rieder', NULL, '1999-09-29', 'Netherlands', 'PLAYER', 'Midfielder', NULL),
(80284, 1, 'John Goossens', NULL, '1988-07-25', 'Netherlands', 'PLAYER', 'Midfielder', NULL),
(5419, 1, 'Omar Bogle', NULL, '1992-07-26', 'England', 'PLAYER', 'Attacker', NULL),
(124800, 1, 'Lorenzo van Kleef', NULL, '2001-01-26', 'Netherlands', 'PLAYER', 'Midfielder', NULL),
(7510, 1, 'Bilal Ould-Chikh', NULL, '1997-07-28', 'Netherlands', 'PLAYER', 'Attacker', NULL),
(7639, 1, 'Yahya Boussakou', NULL, '2000-03-04', 'Netherlands', 'PLAYER', 'Attacker', NULL),
(7636, 1, 'Elson Hooi', NULL, '1991-10-01', 'Curaçao', 'PLAYER', 'Attacker', NULL),
(7776, 1, 'Michiel Kramer', NULL, '1988-12-03', 'Netherlands', 'PLAYER', 'Attacker', NULL),
(15729, 1, 'Mick van Buren', NULL, '1992-08-24', 'Netherlands', 'PLAYER', 'Attacker', NULL),
(16220, 1, 'Tomáš Necid', NULL, '1989-08-13', 'Czech Republic', 'PLAYER', 'Attacker', NULL),
(136741, 1, 'Dirk Heesen', NULL, '1969-09-15', 'Netherlands', 'INTERIM_COACH', '', NULL),
(102193, 1, 'Crysencio Summerville', NULL, '2001-10-30', 'Netherlands', 'PLAYER', 'Attacker', NULL),
(11742, 1, 'Alan Pardew', NULL, '1961-07-18', 'England', 'COACH', '', NULL),
(137046, 1, 'Killian van Mil', NULL, '1999-08-08', 'Netherlands', 'PLAYER', 'Attacker', NULL),
(7546, 1, 'Kostas Lamprou', NULL, '1991-09-18', 'Greece', 'PLAYER', 'Goalkeeper', NULL),
(7578, 1, 'Remko Pasveer', NULL, '1983-11-08', 'Netherlands', 'PLAYER', 'Goalkeeper', NULL),
(7443, 1, 'Armando Obispo', NULL, '1999-03-05', 'Netherlands', 'PLAYER', 'Defender', NULL),
(7438, 1, 'Joshua Brenet', NULL, '1994-03-20', 'Netherlands', 'PLAYER', 'Defender', NULL),
(7579, 1, 'Bilal Bayazit', NULL, '1999-04-08', 'Netherlands', 'PLAYER', 'Goalkeeper', NULL),
(7584, 1, 'Julian Lelieveld', NULL, '1997-11-24', 'Netherlands', 'PLAYER', 'Defender', NULL),
(9859, 1, 'Özgür Aktas', NULL, '1997-02-13', 'Netherlands', 'PLAYER', 'Defender', NULL),
(15774, 1, 'Tomáš Hájek', NULL, '1991-12-01', 'Czech Republic', 'PLAYER', 'Defender', NULL),
(11413, 1, 'Max Clark', NULL, '1996-01-19', 'England', 'PLAYER', 'Defender', NULL),
(64612, 1, 'Eli Dasa', NULL, '1992-12-03', 'Israel', 'PLAYER', 'Defender', NULL),
(67886, 1, 'Danilho Doekhi', NULL, '1998-06-30', 'Netherlands', 'PLAYER', 'Defender', NULL),
(7376, 1, 'Stefan van der Lei', NULL, '1993-03-05', 'Netherlands', 'PLAYER', 'Goalkeeper', NULL),
(9813, 1, 'Dennis Telgenkamp', NULL, '1987-05-09', 'Netherlands', 'PLAYER', 'Goalkeeper', NULL),
(9849, 1, 'Robin Jalving', NULL, '2000-04-11', 'Netherlands', 'PLAYER', 'Goalkeeper', NULL),
(64058, 1, 'Matthias Hamrol', NULL, '1993-12-31', 'Germany', 'PLAYER', 'Goalkeeper', NULL),
(7610, 1, 'Tim Coremans', NULL, '1991-04-10', 'Netherlands', 'PLAYER', 'Goalkeeper', NULL),
(79708, 1, 'Ariel Harush', NULL, '1988-05-25', 'Israel', 'PLAYER', 'Goalkeeper', NULL),
(7742, 1, 'Michael Fabrie', NULL, '1997-11-11', 'Netherlands', 'PLAYER', 'Goalkeeper', NULL),
(111542, 1, 'Kenny Lipman', NULL, '1999-03-12', 'Netherlands', 'PLAYER', 'Goalkeeper', NULL),
(7321, 1, 'Jurgen Mattheij', NULL, '1993-04-01', 'Netherlands', 'PLAYER', 'Defender', NULL),
(7322, 1, 'Khalid Karami', NULL, '1989-12-29', 'Netherlands', 'PLAYER', 'Defender', NULL),
(7324, 1, 'Jeffrey Fortes', NULL, '1989-03-22', 'Cape Verde Islands', 'PLAYER', 'Defender', NULL),
(7745, 1, 'Bart Vriends', NULL, '1991-05-09', 'Netherlands', 'PLAYER', 'Defender', NULL),
(7587, 1, 'Lassana Faye', NULL, '1998-06-16', 'Netherlands', 'PLAYER', 'Defender', NULL),
(9863, 1, 'Suently Alberto', NULL, '1996-06-09', 'Curaçao', 'PLAYER', 'Defender', NULL),
(37784, 1, 'Mica Pinto', NULL, '1993-06-04', 'Portugal', 'PLAYER', 'Defender', NULL),
(81049, 1, 'Bradley Martis', NULL, '1998-07-13', 'Curaçao', 'PLAYER', 'Defender', NULL),
(67961, 1, 'Dirk Abels', NULL, '1997-06-13', 'Netherlands', 'PLAYER', 'Defender', NULL),
(133263, 1, 'Zion Valies', NULL, '2002-05-22', 'Netherlands', 'PLAYER', 'Defender', NULL),
(133763, 1, 'Boyd Reith', NULL, '1999-06-05', 'Netherlands', 'PLAYER', 'Defender', NULL),
(7231, 1, 'Adil Auassar', NULL, '1986-10-06', 'Netherlands', 'PLAYER', 'Midfielder', NULL),
(7446, 1, 'Dante Rigo', NULL, '1998-12-11', 'Belgium', 'PLAYER', 'Midfielder', NULL),
(7498, 1, 'Patrick Joosten', NULL, '1996-04-14', 'Netherlands', 'PLAYER', 'Midfielder', NULL),
(9662, 1, 'Bryan Smeets', NULL, '1992-11-22', 'Netherlands', 'PLAYER', 'Midfielder', NULL),
(7759, 1, 'Deroy Duarte', NULL, '1999-07-04', 'Netherlands', 'PLAYER', 'Midfielder', NULL),
(67968, 1, 'Laros Duarte', NULL, '1997-02-28', 'Netherlands', 'PLAYER', 'Midfielder', NULL),
(115116, 1, 'Sven Mijnans', NULL, '2000-03-09', 'Netherlands', 'PLAYER', 'Midfielder', NULL),
(7763, 1, 'Abdou Harroui', NULL, '1998-01-13', 'Netherlands', 'PLAYER', 'Midfielder', NULL),
(9868, 1, 'Mohammed Rayhi', NULL, '1994-07-01', 'Netherlands', 'PLAYER', 'Midfielder', NULL),
(133762, 1, 'Jason Meerstadt', NULL, '2001-07-10', 'Netherlands', 'PLAYER', 'Midfielder', NULL),
(7772, 1, 'Ragnar Ache', NULL, '1998-07-28', 'Germany', 'PLAYER', 'Attacker', NULL),
(67978, 1, 'Joël Piroe', NULL, '1999-08-02', 'Netherlands', 'PLAYER', 'Attacker', NULL),
(9586, 1, 'Henk Fraser', NULL, '1966-07-07', 'Netherlands', 'COACH', '', NULL),
(97017, 1, 'Youssef El Kachati', NULL, '1999-11-30', 'Netherlands', 'PLAYER', 'Attacker', NULL),
(3356, 1, 'Steve Mandanda', NULL, '1985-03-28', 'France', 'PLAYER', 'Goalkeeper', NULL),
(137322, 1, 'Simon Ngapandouetnbu', NULL, '2003-04-12', 'France', 'PLAYER', 'Goalkeeper', NULL),
(120988, 1, 'Ahmadou Bamba Dia', NULL, '1999-10-13', 'France', 'PLAYER', 'Goalkeeper', NULL),
(8346, 1, 'Boubacar Kamara', NULL, '1999-11-23', 'France', 'PLAYER', 'Defender', NULL),
(8342, 1, 'Yohann Pelé', NULL, '1982-11-04', 'France', 'PLAYER', 'Goalkeeper', NULL),
(8344, 1, 'Hiroki Sakai', NULL, '1990-04-12', 'Japan', 'PLAYER', 'Defender', NULL),
(8350, 1, 'Jordan Amavi', NULL, '1994-03-09', 'France', 'PLAYER', 'Defender', NULL),
(99814, 1, 'Abdallah Ali Mohamed', NULL, '1999-04-11', 'Comoros', 'PLAYER', 'Defender', NULL),
(133292, 1, 'Niels Nkounkou', NULL, '2000-11-01', 'France', 'PLAYER', 'Defender', NULL),
(3607, 1, 'Saîf-Eddine Khaoui', NULL, '1995-04-27', 'Tunisia', 'PLAYER', 'Midfielder', NULL),
(119063, 1, 'Lucas Perrin', NULL, '1998-11-19', 'France', 'PLAYER', 'Defender', NULL),
(33108, 1, 'Álvaro González', NULL, '1990-01-08', 'Spain', 'PLAYER', 'Defender', NULL),
(1812, 1, 'Kevin Strootman', NULL, '1990-02-13', 'Netherlands', 'PLAYER', 'Midfielder', NULL),
(8352, 1, 'Maxime López', NULL, '1997-12-04', 'France', 'PLAYER', 'Midfielder', NULL),
(8353, 1, 'Bouna Sarr', NULL, '1992-12-31', 'Guinea', 'PLAYER', 'Midfielder', NULL),
(8355, 1, 'Morgan Sanson', NULL, '1994-08-18', 'France', 'PLAYER', 'Midfielder', NULL),
(8695, 1, 'Valentin Rongier', NULL, '1994-12-07', 'France', 'PLAYER', 'Midfielder', NULL),
(8356, 1, 'Grégory Sertic', NULL, '1989-08-05', 'France', 'PLAYER', 'Midfielder', NULL),
(99815, 1, 'Alexandre Phliponeau', NULL, '2000-01-26', 'France', 'PLAYER', 'Midfielder', NULL),
(98378, 1, 'Florian Chabrolle', NULL, '1998-04-07', 'France', 'PLAYER', 'Midfielder', NULL),
(3370, 1, 'Florian Thauvin', NULL, '1993-01-26', 'France', 'PLAYER', 'Attacker', NULL),
(8360, 1, 'Dimitri Payet', NULL, '1987-03-29', 'France', 'PLAYER', 'Attacker', NULL),
(8361, 1, 'Valère Germain', NULL, '1990-04-17', 'France', 'PLAYER', 'Attacker', NULL),
(11707, 1, 'Darío Benedetto', NULL, '1990-05-17', 'Argentina', 'PLAYER', 'Attacker', NULL),
(10190, 1, 'Nemanja Radonji?', NULL, '1996-02-15', 'Serbia', 'PLAYER', 'Attacker', NULL),
(120990, 1, 'André Villas-Boas', NULL, '1977-10-17', 'Portugal', 'COACH', '', NULL),
(120989, 1, 'Marley Aké', NULL, '2001-01-05', 'France', 'PLAYER', 'Attacker', NULL),
(125667, 1, 'Isaac Lihadji', NULL, '2002-04-10', 'France', 'PLAYER', 'Attacker', NULL),
(1132, 1, 'Leonardo', NULL, '1995-03-20', 'Brazil', 'PLAYER', 'Goalkeeper', NULL),
(8390, 1, 'Mike Maignan', NULL, '1995-11-28', 'France', 'PLAYER', 'Goalkeeper', NULL),
(25504, 1, 'Domagoj Bradari?', NULL, '1999-12-10', 'Croatia', 'PLAYER', 'Defender', NULL),
(23128, 1, 'Gabriel', NULL, '1997-12-19', 'Brazil', 'PLAYER', 'Defender', NULL),
(29622, 1, 'Zeki Çelik', NULL, '1997-02-17', 'Turkey', 'PLAYER', 'Defender', NULL),
(37094, 1, 'Reinildo', NULL, '1994-01-21', 'Mozambique', 'PLAYER', 'Defender', NULL),
(113434, 1, 'Jean Onana', NULL, '2000-01-08', 'Cameroon', 'PLAYER', 'Defender', NULL),
(121864, 1, 'Saad Agouzoul', NULL, '1997-08-10', 'Morocco', 'PLAYER', 'Defender', NULL),
(102047, 1, 'Cheikh Niasse', NULL, '2000-01-19', 'Senegal', 'PLAYER', 'Defender', NULL),
(137512, 1, 'Eric Junior Bocat', NULL, '1999-07-16', 'France', 'PLAYER', 'Defender', NULL),
(37134, 1, 'Tiago Djaló', NULL, '2000-04-09', 'Portugal', 'PLAYER', 'Defender', NULL),
(8406, 1, 'Boubakary Soumaré', NULL, '1999-02-27', 'France', 'PLAYER', 'Midfielder', NULL),
(8094, 1, 'Jérémy Pied', NULL, '1989-02-23', 'France', 'PLAYER', 'Midfielder', NULL),
(8811, 1, 'Benjamin André', NULL, '1990-08-03', 'France', 'PLAYER', 'Midfielder', NULL),
(21652, 1, 'Nicolás Gaitán', NULL, '1988-02-23', 'Argentina', 'PLAYER', 'Midfielder', NULL),
(30299, 1, 'Yusuf Yaz?c?', NULL, '1997-01-29', 'Turkey', 'PLAYER', 'Midfielder', NULL),
(8569, 1, 'Xeka', NULL, '1994-11-10', 'Portugal', 'PLAYER', 'Midfielder', NULL),
(77891, 1, 'Ferhat Ço?alan', NULL, '2002-06-29', 'Turkey', 'PLAYER', 'Midfielder', NULL),
(8381, 1, 'Jonathan Ikoné', NULL, '1998-05-02', 'France', 'PLAYER', 'Attacker', NULL),
(7988, 1, 'Renato Sanches', NULL, '1997-08-18', 'Portugal', 'PLAYER', 'Attacker', NULL),
(8413, 1, 'Luiz Araújo', NULL, '1996-06-02', 'Brazil', 'PLAYER', 'Attacker', NULL),
(3119, 1, 'Loïc Rémy', NULL, '1987-01-02', 'France', 'PLAYER', 'Attacker', NULL),
(77892, 1, 'Arton Zekaj', NULL, '2000-04-16', 'Kosovo', 'PLAYER', 'Midfielder', NULL),
(8492, 1, 'Tim Weah', NULL, '2000-02-22', 'United States', 'PLAYER', 'Attacker', NULL),
(8547, 1, 'Jonathan Bamba', NULL, '1996-03-26', 'France', 'PLAYER', 'Attacker', NULL),
(137513, 1, 'Fadiga Ouattara', NULL, '2001-11-18', 'France', 'PLAYER', 'Attacker', NULL),
(45098, 1, 'Christophe Galtier', NULL, '1966-08-28', 'France', 'COACH', '', NULL),
(8418, 1, 'Yoan Cardinale', NULL, '1994-03-27', 'France', 'PLAYER', 'Goalkeeper', NULL),
(124379, 1, 'Virgiliu Postolachi', NULL, '2000-03-17', 'Moldova', 'PLAYER', 'Attacker', NULL),
(102054, 1, 'Thierry Oleksiak', NULL, '1961-09-11', 'France', 'ASSISTANT_COACH', '', NULL),
(8421, 1, 'Yannis Clementia', NULL, '1997-07-05', 'France', 'PLAYER', 'Goalkeeper', NULL),
(20, 1, 'Riza Durmisi', NULL, '1994-01-08', 'Denmark', 'PLAYER', 'Defender', NULL),
(8420, 1, 'Walter Benítez', NULL, '1993-03-19', 'Argentina', 'PLAYER', 'Goalkeeper', NULL),
(8425, 1, 'Dante', NULL, '1983-10-18', 'Brazil', 'PLAYER', 'Defender', NULL),
(8424, 1, 'Malang Sarr', NULL, '1999-01-23', 'France', 'PLAYER', 'Defender', NULL),
(8426, 1, 'Patrick Burner', NULL, '1996-04-11', 'France', 'PLAYER', 'Defender', NULL),
(8429, 1, 'Andy Pelmard', NULL, '2000-03-12', 'France', 'PLAYER', 'Defender', NULL),
(8613, 1, 'Christophe Hérelle', NULL, '1992-08-22', 'Martinique', 'PLAYER', 'Defender', NULL),
(8433, 1, 'Arnaud Lusamba', NULL, '1997-01-04', 'France', 'PLAYER', 'Midfielder', NULL),
(2100, 1, 'Adam Ounas', NULL, '1996-11-11', 'Algeria', 'PLAYER', 'Midfielder', NULL),
(9002, 1, 'Youcef Attal', NULL, '1996-05-17', 'Algeria', 'PLAYER', 'Defender', NULL),
(137675, 1, 'Noah Crétier', NULL, '2001-11-14', 'France', 'PLAYER', 'Defender', NULL),
(1004, 1, 'Gautier Lloris', NULL, '1995-07-18', 'France', 'PLAYER', 'Midfielder', NULL),
(8434, 1, 'Wylan Cyprien', NULL, '1995-01-28', 'France', 'PLAYER', 'Midfielder', NULL),
(8439, 1, 'Pierre Lees Melou', NULL, '1993-05-25', 'France', 'PLAYER', 'Midfielder', NULL),
(8488, 1, 'Stanley Nsoki', NULL, '1999-04-09', 'France', 'PLAYER', 'Midfielder', NULL),
(99251, 1, 'Khéphren Thuram-Ulie', NULL, '2001-03-26', 'France', 'PLAYER', 'Midfielder', NULL),
(123508, 1, 'Hicham Boudaoui', NULL, '1999-09-23', 'Algeria', 'PLAYER', 'Midfielder', NULL),
(115015, 1, 'Assil Jaziri', NULL, '1999-08-03', 'Tunisia', 'PLAYER', 'Midfielder', NULL),
(45394, 1, 'Danilo', NULL, '1996-02-28', 'Brazil', 'PLAYER', 'Midfielder', NULL),
(135474, 1, 'Alexis Trouillet', NULL, '2000-12-23', 'France', 'PLAYER', 'Midfielder', NULL),
(137674, 1, 'Balthazar Pierret', NULL, '2000-05-15', 'France', 'PLAYER', 'Midfielder', NULL),
(8447, 1, 'Ignatius Ganago', NULL, '1999-02-16', 'Cameroon', 'PLAYER', 'Attacker', NULL),
(608, 1, 'Alexis Claude Maurice', NULL, '1998-06-06', 'France', 'PLAYER', 'Attacker', NULL),
(128710, 1, 'Evann Guessand', NULL, '2001-07-01', 'France', 'PLAYER', 'Attacker', NULL),
(126956, 1, 'Alexandre Conceicao', NULL, '1999-01-18', 'France', 'PLAYER', 'Attacker', NULL),
(8473, 1, 'Myziane Maolida', NULL, '1999-02-14', 'France', 'PLAYER', 'Attacker', NULL),
(15924, 1, 'Lionel Letizi', NULL, '1973-05-28', 'France', 'GOALKEEPER_COACH', '', NULL),
(72772, 1, 'Patrick Vieira', NULL, '1976-07-23', 'France', 'COACH', '', NULL),
(45076, 1, 'Frédéric Gioria', NULL, '1969-09-02', 'France', 'ASSISTANT_COACH', '', NULL),
(77344, 1, 'Marcin Bu?ka', NULL, '1999-10-04', 'Poland', 'PLAYER', 'Goalkeeper', NULL),
(51, 1, 'Keylor Navas', NULL, '1986-12-15', 'Costa Rica', 'PLAYER', 'Goalkeeper', NULL),
(55, 1, 'Sergio Rico', NULL, '1993-09-01', 'Spain', 'PLAYER', 'Goalkeeper', NULL),
(135090, 1, 'Garissone Innocent', NULL, '2000-04-16', 'France', 'PLAYER', 'Goalkeeper', NULL),
(6625, 1, 'Abdou Diallo', NULL, '1996-05-04', 'France', 'PLAYER', 'Defender', NULL),
(3363, 1, 'Presnel Kimpembe', NULL, '1995-08-13', 'France', 'PLAYER', 'Defender', NULL),
(6493, 1, 'Thilo Kehrer', NULL, '1996-09-21', 'Germany', 'PLAYER', 'Defender', NULL),
(3650, 1, 'Thomas Meunier', NULL, '1991-09-12', 'Belgium', 'PLAYER', 'Defender', NULL),
(7555, 1, 'Mitchel Bakker', NULL, '2000-06-20', 'Netherlands', 'PLAYER', 'Defender', NULL),
(8478, 1, 'Layvin Kurzawa', NULL, '1992-09-04', 'France', 'PLAYER', 'Defender', NULL),
(76722, 1, 'Colin Dagba', NULL, '1998-09-09', 'France', 'PLAYER', 'Defender', NULL);
INSERT INTO `jugadores` (`ID`, `ID_Deporte`, `Nombre`, `Descripcion`, `Fecha_Nacimiento`, `Nacionalidad`, `Rol`, `Posicion`, `Imagen`) VALUES
(127127, 1, 'Nianzou Kouassi', NULL, '2002-06-07', 'France', 'PLAYER', 'Defender', NULL),
(117957, 1, 'Loïc Mbe Soh', NULL, '2001-06-13', 'France', 'PLAYER', 'Defender', NULL),
(3179, 1, 'Julian Draxler', NULL, '1993-09-20', 'Germany', 'PLAYER', 'Midfielder', NULL),
(3210, 1, 'Ángel di María', NULL, '1988-02-14', 'Argentina', 'PLAYER', 'Midfielder', NULL),
(8482, 1, 'Marco Verratti', NULL, '1992-11-05', 'Italy', 'PLAYER', 'Midfielder', NULL),
(128453, 1, 'Adil Aouchiche', NULL, '2002-07-15', 'France', 'PLAYER', 'Midfielder', NULL),
(7904, 1, 'Ander Herrera', NULL, '1989-08-14', 'Spain', 'PLAYER', 'Midfielder', NULL),
(3374, 1, 'Kylian Mbappé', NULL, '1998-12-20', 'France', 'PLAYER', 'Attacker', NULL),
(2014, 1, 'Mauro Icardi', NULL, '1993-02-19', 'Argentina', 'PLAYER', 'Attacker', NULL),
(7963, 1, 'Maxim Choupo-Moting', NULL, '1989-03-23', 'Cameroon', 'PLAYER', 'Attacker', NULL),
(8491, 1, 'Neymar Jr.', NULL, '1992-02-05', 'Brazil', 'PLAYER', 'Attacker', NULL),
(130668, 1, 'Arnaud Kalimuendo', NULL, '2002-01-21', 'France', 'PLAYER', 'Attacker', NULL),
(72766, 1, 'Thomas Tuchel', NULL, '1973-08-29', 'Germany', 'COACH', '', NULL),
(3827, 1, 'Rúnar Alex Rúnarsson', NULL, '1995-02-18', 'Iceland', 'PLAYER', 'Goalkeeper', NULL),
(98755, 1, 'Kahamba Ntumba', NULL, '2001-01-12', 'France', 'PLAYER', 'Goalkeeper', NULL),
(136117, 1, 'Ewan Hatfout', NULL, '2000-04-01', 'France', 'PLAYER', 'Goalkeeper', NULL),
(8561, 1, 'Wesley Lautoa', NULL, '1987-08-25', 'New Caledonia', 'PLAYER', 'Defender', NULL),
(3697, 1, 'Hamza Mendyl', NULL, '1997-10-21', 'Morocco', 'PLAYER', 'Defender', NULL),
(4449, 1, 'Bruno Ecuélé Manga', NULL, '1988-07-16', 'Gabon', 'PLAYER', 'Defender', NULL),
(8557, 1, 'Fouad Chafik', NULL, '1986-10-16', 'Morocco', 'PLAYER', 'Defender', NULL),
(500, 1, 'Mickaël Alphonse', NULL, '1989-07-12', 'Guadeloupe', 'PLAYER', 'Defender', NULL),
(45106, 1, 'Théo Barbet', NULL, '2001-03-06', 'France', 'PLAYER', 'Defender', NULL),
(81191, 1, 'Nayef Aguerd', NULL, '1996-03-30', 'Morocco', 'PLAYER', 'Defender', NULL),
(8129, 1, 'Didier Ibrahim Ndong', NULL, '1994-06-17', 'Gabon', 'PLAYER', 'Midfielder', NULL),
(135095, 1, 'Ahmad Ngouyamsa', NULL, '2000-12-21', 'Cameroon', 'PLAYER', 'Defender', NULL),
(1614, 1, 'Matheus Pereira', NULL, '1998-02-25', 'Brazil', 'PLAYER', 'Midfielder', NULL),
(8409, 1, 'Yassine Benzia', NULL, '1994-09-08', 'Algeria', 'PLAYER', 'Midfielder', NULL),
(80173, 1, 'Senou Coulibaly', NULL, '1994-09-04', 'Mali', 'PLAYER', 'Defender', NULL),
(8563, 1, 'Jordan Marié', NULL, '1991-09-29', 'France', 'PLAYER', 'Midfielder', NULL),
(8562, 1, 'Romain Amalfitano', NULL, '1989-08-27', 'France', 'PLAYER', 'Midfielder', NULL),
(8564, 1, 'Frédéric Sammaritano', NULL, '1986-03-23', 'France', 'PLAYER', 'Midfielder', NULL),
(43707, 1, 'Mama Baldé', NULL, '1995-11-06', 'Guinea-Bissau', 'PLAYER', 'Midfielder', NULL),
(101745, 1, 'Bryan Soumaré', NULL, '1999-02-11', 'France', 'PLAYER', 'Midfielder', NULL),
(8565, 1, 'Florent Balmont', NULL, '1980-02-02', 'France', 'PLAYER', 'Midfielder', NULL),
(794, 1, 'Mounir Chouiar', NULL, '1999-01-23', 'France', 'PLAYER', 'Attacker', NULL),
(123648, 1, 'Muzinga Ngonda', NULL, '1993-12-31', 'Congo DR', 'PLAYER', 'Midfielder', NULL),
(6332, 1, 'Stephy Mavididi', NULL, '1998-05-31', 'England', 'PLAYER', 'Attacker', NULL),
(8573, 1, 'Júlio Tavares', NULL, '1988-11-19', 'Cape Verde Islands', 'PLAYER', 'Attacker', NULL),
(120992, 1, 'Stéphane Jobard', NULL, '1971-07-22', 'France', 'COACH', '', NULL),
(101741, 1, 'David Linarès', NULL, '1975-10-05', 'France', 'ASSISTANT_COACH', '', NULL),
(28129, 1, 'Jhonder Cádiz', NULL, '1995-07-29', 'Venezuela', 'PLAYER', 'Attacker', NULL),
(15875, 1, 'Romain Salin', NULL, '1984-07-29', 'France', 'PLAYER', 'Goalkeeper', NULL),
(131261, 1, 'Pépé Bonet', NULL, '2003-02-13', 'France', 'PLAYER', 'Goalkeeper', NULL),
(125678, 1, 'Elias Damergy', NULL, '2002-10-17', 'France', 'PLAYER', 'Goalkeeper', NULL),
(684, 1, 'Gerzino Nyamsi', NULL, '1997-01-22', 'France', 'PLAYER', 'Defender', NULL),
(812, 1, 'Jordan Siebatcheu', NULL, '1996-04-26', 'France', 'PLAYER', 'Defender', NULL),
(8317, 1, 'Damien da Silva', NULL, '1988-05-17', 'France', 'PLAYER', 'Defender', NULL),
(8453, 1, 'Jérémy Morel', NULL, '1984-04-02', 'Madagascar', 'PLAYER', 'Defender', NULL),
(8807, 1, 'Faitout Maouassa', NULL, '1998-07-06', 'France', 'PLAYER', 'Defender', NULL),
(8804, 1, 'Joris Gnagnon', NULL, '1997-01-13', 'Côte d’Ivoire', 'PLAYER', 'Defender', NULL),
(8808, 1, 'Hamari Traoré', NULL, '1992-01-27', 'Mali', 'PLAYER', 'Defender', NULL),
(8809, 1, 'Jérémy Gelin', NULL, '1997-04-24', 'France', 'PLAYER', 'Defender', NULL),
(114915, 1, 'Sacha Boey', NULL, '2000-09-13', 'France', 'PLAYER', 'Defender', NULL),
(37428, 1, 'Raphinha', NULL, '1996-02-14', 'Brazil', 'PLAYER', 'Defender', NULL),
(8647, 1, 'Flavien Tait', NULL, '1993-02-02', 'France', 'PLAYER', 'Midfielder', NULL),
(8788, 1, 'Jonas Martin', NULL, '1990-04-09', 'France', 'PLAYER', 'Midfielder', NULL),
(856, 1, 'Romain Del Castillo', NULL, '1996-03-29', 'France', 'PLAYER', 'Midfielder', NULL),
(636, 1, 'Rafik Guitane', NULL, '1999-05-26', 'France', 'PLAYER', 'Midfielder', NULL),
(8814, 1, 'Adrien Hunou', NULL, '1994-01-19', 'France', 'PLAYER', 'Midfielder', NULL),
(8816, 1, 'James Lea Siliki', NULL, '1996-06-12', 'France', 'PLAYER', 'Midfielder', NULL),
(8683, 1, 'Clément Grenier', NULL, '1991-01-07', 'France', 'PLAYER', 'Midfielder', NULL),
(8818, 1, 'Benjamin Bourigeaud', NULL, '1994-01-14', 'France', 'PLAYER', 'Midfielder', NULL),
(15801, 1, 'Jakob Johansson', NULL, '1990-06-21', 'Sweden', 'PLAYER', 'Midfielder', NULL),
(80175, 1, 'Yann Gboho', NULL, '2001-01-14', 'France', 'PLAYER', 'Attacker', NULL),
(102430, 1, 'Isaac Matondo', NULL, '1999-03-24', 'Congo DR', 'PLAYER', 'Attacker', NULL),
(3633, 1, 'Diafra Sakho', NULL, '1989-12-24', 'Senegal', 'PLAYER', 'Attacker', NULL),
(102343, 1, 'Eduardo Camavinga', NULL, '2002-11-10', 'France', 'PLAYER', 'Midfielder', NULL),
(124620, 1, 'Lucas Da Cunha', NULL, '2001-06-09', 'France', 'PLAYER', 'Attacker', NULL),
(99974, 1, 'Julien Stéphan', NULL, '1980-09-18', 'France', 'COACH', '', NULL),
(8315, 1, 'Matthieu Dreyer', NULL, '1989-03-20', 'France', 'PLAYER', 'Goalkeeper', NULL),
(8579, 1, 'Régis Gurtner', NULL, '1986-12-08', 'France', 'PLAYER', 'Goalkeeper', NULL),
(2413, 1, 'Haitam Aleesami', NULL, '1991-07-31', 'Norway', 'PLAYER', 'Defender', NULL),
(3064, 1, 'Arturo Calabresi', NULL, '1996-03-17', 'Italy', 'PLAYER', 'Defender', NULL),
(8427, 1, 'Christophe Jallet', NULL, '1983-10-31', 'France', 'PLAYER', 'Defender', NULL),
(8585, 1, 'Bakaye Dibassy', NULL, '1989-08-11', 'Mali', 'PLAYER', 'Defender', NULL),
(8587, 1, 'Prince-Désir Gouano', NULL, '1993-12-24', 'France', 'PLAYER', 'Defender', NULL),
(16649, 1, 'Aurélien Chedjou', NULL, '1985-06-20', 'Cameroon', 'PLAYER', 'Defender', NULL),
(8586, 1, 'Mathieu Bodmer', NULL, '1982-11-22', 'France', 'PLAYER', 'Defender', NULL),
(80307, 1, 'Sanasi Sy', NULL, '1999-04-04', 'France', 'PLAYER', 'Defender', NULL),
(72557, 1, 'Nicholas Opoku', NULL, '1997-11-08', 'Ghana', 'PLAYER', 'Defender', NULL),
(127144, 1, 'Nicholas Opoku', NULL, '1997-08-11', 'Ghana', 'PLAYER', 'Defender', NULL),
(121279, 1, 'Valentin Gendrey', NULL, '2000-06-21', 'France', 'PLAYER', 'Defender', NULL),
(2426, 1, 'Eddy Gnahoré', NULL, '1993-11-14', 'France', 'PLAYER', 'Midfielder', NULL),
(1044, 1, 'Fousseni Diabaté', NULL, '1995-10-18', 'Mali', 'PLAYER', 'Midfielder', NULL),
(3813, 1, 'Saman Ghoddoos', NULL, '1993-09-06', 'Iran', 'PLAYER', 'Midfielder', NULL),
(8302, 1, 'Alexis Blin', NULL, '1996-09-16', 'France', 'PLAYER', 'Midfielder', NULL),
(8592, 1, 'Thomas Monconduit', NULL, '1991-02-10', 'France', 'PLAYER', 'Midfielder', NULL),
(8596, 1, 'Gaël Kakuta', NULL, '1991-06-21', 'Congo DR', 'PLAYER', 'Midfielder', NULL),
(8599, 1, 'Mahdi Talal', NULL, '1997-08-17', 'France', 'PLAYER', 'Midfielder', NULL),
(8601, 1, 'Bongani Zungu', NULL, '1992-10-09', 'South Africa', 'PLAYER', 'Midfielder', NULL),
(127014, 1, 'Jonathan Bumbu', NULL, '1999-02-11', 'France', 'PLAYER', 'Midfielder', NULL),
(46647, 1, 'Juan Ferney Otero', NULL, '1995-05-26', 'Colombia', 'PLAYER', 'Midfielder', NULL),
(3635, 1, 'Moussa Konaté', NULL, '1993-04-03', 'Senegal', 'PLAYER', 'Attacker', NULL),
(211, 1, 'Sehrou Guirassy', NULL, '1996-03-12', 'France', 'PLAYER', 'Attacker', NULL),
(8312, 1, 'Driss Khalid', NULL, '1999-02-07', 'Morocco', 'PLAYER', 'Attacker', NULL),
(8385, 1, 'Isaac Mbenza', NULL, '1996-03-08', 'Belgium', 'PLAYER', 'Attacker', NULL),
(8603, 1, 'Quentin Cornette', NULL, '1994-01-17', 'France', 'PLAYER', 'Attacker', NULL),
(8606, 1, 'Stiven Mendoza', NULL, '1992-06-27', 'Colombia', 'PLAYER', 'Attacker', NULL),
(125218, 1, 'Ulrick Brad Eneme Ella', NULL, '2001-05-22', 'France', 'PLAYER', 'Attacker', NULL),
(9409, 1, 'Chadrac Akolo', NULL, '1995-04-01', 'Congo DR', 'PLAYER', 'Attacker', NULL),
(587, 1, 'Paul Delecroix', NULL, '1988-10-14', 'France', 'PLAYER', 'Goalkeeper', NULL),
(76693, 1, 'Luka Elsner', NULL, '1982-08-02', 'Slovenia', 'COACH', '', NULL),
(99584, 1, 'Guillaume Dietsch', NULL, '2001-04-17', 'France', 'PLAYER', 'Goalkeeper', NULL),
(8769, 1, 'Alexandre Oukidja', NULL, '1988-07-19', 'Algeria', 'PLAYER', 'Goalkeeper', NULL),
(935, 1, 'Thomas Delaine', NULL, '1992-03-24', 'France', 'PLAYER', 'Defender', NULL),
(3595, 1, 'Dylan Bronn', NULL, '1995-06-19', 'Tunisia', 'PLAYER', 'Defender', NULL),
(30573, 1, 'John Boye', NULL, '1987-04-23', 'Ghana', 'PLAYER', 'Defender', NULL),
(30597, 1, 'Mamadou Fofana', NULL, '1998-01-21', 'Mali', 'PLAYER', 'Defender', NULL),
(137323, 1, 'Lenny Lacroix', NULL, '2003-02-06', 'France', 'PLAYER', 'Defender', NULL),
(142789, 1, 'Ababacar Moustapha Lô', NULL, '2000-01-02', 'Senegal', 'PLAYER', 'Defender', NULL),
(8717, 1, 'Matthieu Udol', NULL, '1996-03-20', 'France', 'PLAYER', 'Defender', NULL),
(142790, 1, 'Kiliann Sildillia', NULL, '2002-05-16', 'France', 'PLAYER', 'Defender', NULL),
(8537, 1, 'Vincent Pajot', NULL, '1990-08-19', 'France', 'PLAYER', 'Midfielder', NULL),
(8727, 1, 'Renaud Cohade', NULL, '1984-09-29', 'France', 'PLAYER', 'Midfielder', NULL),
(418, 1, 'Manuel Cabit', NULL, '1993-06-03', 'Martinique', 'PLAYER', 'Midfielder', NULL),
(8739, 1, 'Farid Boulaya', NULL, '1993-02-25', 'Algeria', 'PLAYER', 'Midfielder', NULL),
(49206, 1, 'Habib Maïga', NULL, '1996-01-01', 'Côte d’Ivoire', 'PLAYER', 'Midfielder', NULL),
(78133, 1, 'Sami Lahssaini', NULL, '1998-09-18', 'Belgium', 'PLAYER', 'Midfielder', NULL),
(9141, 1, 'Victorien Angban', NULL, '1996-09-29', 'Côte d’Ivoire', 'PLAYER', 'Midfielder', NULL),
(8759, 1, 'Adama Traoré', NULL, '1995-06-28', 'Mali', 'PLAYER', 'Midfielder', NULL),
(133553, 1, 'Boubacar Traoré', NULL, '2001-08-20', 'Mali', 'PLAYER', 'Midfielder', NULL),
(724, 1, 'Fabien Centonze', NULL, '1996-01-16', 'France', 'PLAYER', 'Attacker', NULL),
(1038, 1, 'Marvin Gakpa', NULL, '1993-11-01', 'France', 'PLAYER', 'Attacker', NULL),
(7669, 1, 'Thierry Ambrose', NULL, '1997-09-28', 'France', 'PLAYER', 'Attacker', NULL),
(133786, 1, 'Papa Ndiaga Yade', NULL, '2000-01-05', 'Senegal', 'PLAYER', 'Attacker', NULL),
(8742, 1, 'Ibrahima Niané', NULL, '1999-03-11', 'Senegal', 'PLAYER', 'Attacker', NULL),
(45122, 1, 'Frédéric Antonetti', NULL, '1961-08-19', 'France', 'COACH', '', NULL),
(136646, 1, 'Georges Mikautadze', NULL, '2000-10-31', 'France', 'PLAYER', 'Attacker', NULL),
(8740, 1, 'Opa Nguette', NULL, '1994-07-08', 'Senegal', 'PLAYER', 'Attacker', NULL),
(143815, 1, 'Christophe Marichez', NULL, '1974-12-12', 'France', 'GOALKEEPER_COACH', '', NULL),
(64798, 1, 'Vincent Hognon', NULL, '1974-08-16', 'France', 'ASSISTANT_COACH', '', NULL),
(8608, 1, 'Yehvann Diouf', NULL, '1999-11-16', 'France', 'PLAYER', 'Goalkeeper', NULL),
(802, 1, 'Nicolas Lemaître', NULL, '1997-01-12', 'France', 'PLAYER', 'Goalkeeper', NULL),
(3429, 1, 'Predrag Rajkovi?', NULL, '1995-10-31', 'Serbia', 'PLAYER', 'Goalkeeper', NULL),
(114665, 1, 'Dialy Kobaly Ndiaye', NULL, '1999-07-04', 'Senegal', 'PLAYER', 'Goalkeeper', NULL),
(813, 1, 'Axel Disasi', NULL, '1998-03-11', 'France', 'PLAYER', 'Defender', NULL),
(742, 1, 'Sambou Sissoko', NULL, '1999-04-27', 'France', 'PLAYER', 'Defender', NULL),
(814, 1, 'Logan Costa', NULL, '2001-04-01', 'France', 'PLAYER', 'Defender', NULL),
(810, 1, 'Yunis Abdelhamid', NULL, '1987-09-28', 'Morocco', 'PLAYER', 'Defender', NULL),
(809, 1, 'Lenny Vallier', NULL, '1999-04-24', 'France', 'PLAYER', 'Defender', NULL),
(10881, 1, 'Dario Maresic', NULL, '1999-09-29', 'Austria', 'PLAYER', 'Defender', NULL),
(37432, 1, 'Ghislain Konan', NULL, '1995-12-27', 'Côte d’Ivoire', 'PLAYER', 'Defender', NULL),
(816, 1, 'Grégory Berthier', NULL, '1995-11-11', 'France', 'PLAYER', 'Midfielder', NULL),
(824, 1, 'Xavier Chavalerin', NULL, '1991-03-07', 'France', 'PLAYER', 'Midfielder', NULL),
(822, 1, 'Hassane Kamara', NULL, '1994-09-19', 'Gambia', 'PLAYER', 'Midfielder', NULL),
(826, 1, 'Nolan Mbemba', NULL, '1995-02-19', 'France', 'PLAYER', 'Midfielder', NULL),
(823, 1, 'Mathieu Cafaro', NULL, '1997-03-25', 'France', 'PLAYER', 'Midfielder', NULL),
(7422, 1, 'Arbër Zeneli', NULL, '1995-02-25', 'Kosovo', 'PLAYER', 'Midfielder', NULL),
(8623, 1, 'Tristan Dingomé', NULL, '1991-02-17', 'Cameroon', 'PLAYER', 'Midfielder', NULL),
(15827, 1, 'Alaixys Romao', NULL, '1984-01-18', 'Togo', 'PLAYER', 'Midfielder', NULL),
(34754, 1, 'Marshall Munetsi', NULL, '1996-06-22', 'Zimbabwe', 'PLAYER', 'Midfielder', NULL),
(38522, 1, 'Moreto Cassamá', NULL, '1998-02-16', 'Guinea-Bissau', 'PLAYER', 'Midfielder', NULL),
(9399, 1, 'Tasos Donis', NULL, '1996-08-29', 'Greece', 'PLAYER', 'Midfielder', NULL),
(8908, 1, 'Thomas Foket', NULL, '1994-09-25', 'Belgium', 'PLAYER', 'Midfielder', NULL),
(30727, 1, 'Dereck Kutesa', NULL, '1997-12-06', 'Switzerland', 'PLAYER', 'Midfielder', NULL),
(49297, 1, 'Moussa Doumbia', NULL, '1994-08-15', 'Mali', 'PLAYER', 'Midfielder', NULL),
(98299, 1, 'Boulaye Dia', NULL, '1996-11-16', 'France', 'PLAYER', 'Midfielder', NULL),
(110957, 1, 'Moïse Sakava', NULL, '2000-12-26', 'Cameroon', 'PLAYER', 'Attacker', NULL),
(7574, 1, 'Kaj Sierhuis', NULL, '1998-04-27', 'Netherlands', 'PLAYER', 'Attacker', NULL),
(82141, 1, 'Bilal Brahimi', NULL, '2000-03-14', 'France', 'PLAYER', 'Attacker', NULL),
(115639, 1, 'Timothée Nkada', NULL, '1999-07-20', 'France', 'PLAYER', 'Attacker', NULL),
(82426, 1, 'Virgile Pinson', NULL, '1996-02-22', 'France', 'PLAYER', 'Attacker', NULL),
(125668, 1, 'Nathanael Mbuku', NULL, '2002-03-16', 'France', 'PLAYER', 'Attacker', NULL),
(140773, 1, 'El Bilal Touré', NULL, '2001-10-03', 'Mali', 'PLAYER', 'Attacker', NULL),
(67984, 1, 'Sébastien Hamel', NULL, '1975-11-20', 'France', 'GOALKEEPER_COACH', '', NULL),
(1062, 1, 'David Guion', NULL, '1967-09-30', 'France', 'COACH', '', NULL),
(102416, 1, 'Stéphane Dumont', NULL, '1982-09-06', 'France', 'ASSISTANT_COACH', '', NULL),
(62, 1, 'Lionel Carole', NULL, '1991-04-12', 'France', 'PLAYER', 'Defender', NULL),
(8771, 1, 'Bingourou Kamara', NULL, '1996-10-21', 'France', 'PLAYER', 'Goalkeeper', NULL),
(3260, 1, 'Eiji Kawashima', NULL, '1983-03-20', 'Japan', 'PLAYER', 'Goalkeeper', NULL),
(4046, 1, 'Lamine Koné', NULL, '1989-02-01', 'Côte d’Ivoire', 'PLAYER', 'Defender', NULL),
(122509, 1, 'Louis Pelletier', NULL, '2000-02-03', 'France', 'PLAYER', 'Goalkeeper', NULL),
(8323, 1, 'Alexander Djiku', NULL, '1994-08-09', 'France', 'PLAYER', 'Defender', NULL),
(8773, 1, 'Abdallah Ndour', NULL, '1993-12-20', 'Senegal', 'PLAYER', 'Defender', NULL),
(8785, 1, 'Anthony Caci', NULL, '1997-07-01', 'France', 'PLAYER', 'Defender', NULL),
(8778, 1, 'Kenny Lala', NULL, '1991-10-03', 'France', 'PLAYER', 'Defender', NULL),
(80353, 1, 'Mootaz Zemzemi', NULL, '1999-08-07', 'Tunisia', 'PLAYER', 'Defender', NULL),
(116196, 1, 'Mohamed Simakan', NULL, '2000-05-03', 'France', 'PLAYER', 'Defender', NULL),
(451, 1, 'Ibrahima Sissoko', NULL, '1997-10-27', 'France', 'PLAYER', 'Midfielder', NULL),
(788, 1, 'Jean-Ricner Bellegarde', NULL, '1998-05-27', 'France', 'PLAYER', 'Midfielder', NULL),
(8782, 1, 'Jérémy Grimm', NULL, '1987-03-27', 'France', 'PLAYER', 'Midfielder', NULL),
(8787, 1, 'Benjamin Corgnet', NULL, '1987-04-06', 'France', 'PLAYER', 'Midfielder', NULL),
(8789, 1, 'Kévin Lucien Zohi', NULL, '1996-12-19', 'Côte d’Ivoire', 'PLAYER', 'Midfielder', NULL),
(8790, 1, 'Ismael Aaneba', NULL, '1999-05-29', 'France', 'PLAYER', 'Midfielder', NULL),
(8899, 1, 'Stefan Mitrovi?', NULL, '1990-05-22', 'Serbia', 'PLAYER', 'Defender', NULL),
(122511, 1, 'Azzedine Ounahi', NULL, '2000-04-19', 'Morocco', 'PLAYER', 'Midfielder', NULL),
(122510, 1, 'Adrien Lebeau', NULL, '1999-07-08', 'France', 'PLAYER', 'Midfielder', NULL),
(8815, 1, 'Sanjin Prci?', NULL, '1993-11-20', 'Bosnia and Herzegovina', 'PLAYER', 'Midfielder', NULL),
(723, 1, 'Ludovic Ajorque', NULL, '1994-02-25', 'Reunion', 'PLAYER', 'Attacker', NULL),
(8706, 1, 'Adrien Thomasson', NULL, '1993-12-10', 'France', 'PLAYER', 'Attacker', NULL),
(1043, 1, 'Lebo Mothiba', NULL, '1996-01-28', 'South Africa', 'PLAYER', 'Attacker', NULL),
(8794, 1, 'Dimitri Liénard', NULL, '1988-02-13', 'France', 'PLAYER', 'Attacker', NULL),
(127036, 1, 'Ivan Botella', NULL, '1999-06-28', 'France', 'PLAYER', 'Attacker', NULL),
(15918, 1, 'Abdul Majeed Waris', NULL, '1991-09-19', 'Ghana', 'PLAYER', 'Attacker', NULL),
(45124, 1, 'Fabien Lefèvre', NULL, '1970-11-14', 'France', 'ASSISTANT_COACH', '', NULL),
(45123, 1, 'Thierry Laurey', NULL, '1964-02-14', 'France', 'COACH', '', NULL),
(1731, 1, 'Gianluigi Donnarumma', NULL, '1999-02-25', 'Italy', 'PLAYER', 'Goalkeeper', NULL),
(2344, 1, 'Alex Meret', NULL, '1997-03-22', 'Italy', 'PLAYER', 'Goalkeeper', NULL),
(2274, 1, 'Salvatore Sirigu', NULL, '1987-01-12', 'Italy', 'PLAYER', 'Goalkeeper', NULL),
(1740, 1, 'Alessio Romagnoli', NULL, '1995-01-12', 'Italy', 'PLAYER', 'Defender', NULL),
(1744, 1, 'Leonardo Bonucci', NULL, '1987-05-01', 'Italy', 'PLAYER', 'Defender', NULL),
(1829, 1, 'Pierluigi Gollini', NULL, '1995-03-18', 'Italy', 'PLAYER', 'Goalkeeper', NULL),
(1837, 1, 'Gianluca Mancini', NULL, '1996-04-17', 'Italy', 'PLAYER', 'Defender', NULL),
(1776, 1, 'Cristiano Biraghi', NULL, '1992-09-01', 'Italy', 'PLAYER', 'Defender', NULL),
(1962, 1, 'Armando Izzo', NULL, '1992-03-02', 'Italy', 'PLAYER', 'Defender', NULL),
(2487, 1, 'Giovanni Di Lorenzo', NULL, '1993-08-04', 'Italy', 'PLAYER', 'Defender', NULL),
(2180, 1, 'Francesco Acerbi', NULL, '1988-02-10', 'Italy', 'PLAYER', 'Defender', NULL),
(7809, 1, 'Emerson', NULL, '1994-08-03', 'Italy', 'PLAYER', 'Defender', NULL),
(1780, 1, 'Federico Chiesa', NULL, '1997-10-25', 'Italy', 'PLAYER', 'Midfielder', NULL),
(1911, 1, 'Nicolò Barella', NULL, '1997-02-07', 'Italy', 'PLAYER', 'Midfielder', NULL),
(2013, 1, 'Nicolò Zaniolo', NULL, '1999-07-02', 'Italy', 'PLAYER', 'Midfielder', NULL),
(1886, 1, 'Riccardo Orsolini', NULL, '1997-01-24', 'Italy', 'PLAYER', 'Midfielder', NULL),
(1811, 1, 'Alessandro Florenzi', NULL, '1991-03-11', 'Italy', 'PLAYER', 'Midfielder', NULL),
(2040, 1, 'Federico Bernardeschi', NULL, '1994-02-16', 'Italy', 'PLAYER', 'Midfielder', NULL),
(2092, 1, 'Lorenzo Insigne', NULL, '1991-06-04', 'Italy', 'PLAYER', 'Midfielder', NULL),
(2094, 1, 'Jorginho', NULL, '1991-12-20', 'Italy', 'PLAYER', 'Midfielder', NULL),
(83570, 1, 'Andrea Cistana', NULL, '1997-04-01', 'Italy', 'PLAYER', 'Midfielder', NULL),
(2563, 1, 'Sandro Tonali', NULL, '2000-05-08', 'Italy', 'PLAYER', 'Midfielder', NULL),
(2230, 1, 'Rolando Mandragora', NULL, '1997-06-29', 'Italy', 'PLAYER', 'Midfielder', NULL),
(1823, 1, 'Stephan El Shaarawy', NULL, '1992-10-27', 'Italy', 'PLAYER', 'Attacker', NULL),
(2298, 1, 'Andrea Belotti', NULL, '1993-12-20', 'Italy', 'PLAYER', 'Attacker', NULL),
(2076, 1, 'Ciro Immobile', NULL, '1990-02-20', 'Italy', 'PLAYER', 'Attacker', NULL),
(49458, 1, 'Roberto Mancini', NULL, '1964-11-27', 'Italy', 'COACH', '', NULL),
(2676, 1, 'Gaetano Castrovilli', NULL, '1997-02-17', 'Italy', 'PLAYER', 'Attacker', NULL),
(28995, 1, 'Andriy Lunin', NULL, '1999-02-11', 'Ukraine', 'PLAYER', 'Goalkeeper', NULL),
(16464, 1, 'Andrii Pyatov', NULL, '1984-06-28', 'Ukraine', 'PLAYER', 'Goalkeeper', NULL),
(15466, 1, 'Ihor Plastun', NULL, '1990-08-20', 'Ukraine', 'PLAYER', 'Defender', NULL),
(16165, 1, 'Vitalii Mykolenko', NULL, '1999-05-29', 'Ukraine', 'PLAYER', 'Defender', NULL),
(141332, 1, 'Attilio Lombardo', NULL, '1966-01-06', 'Italy', 'ASSISTANT_COACH', '', NULL),
(29046, 1, 'Yurii Pankiv', NULL, '1984-11-03', 'Ukraine', 'PLAYER', 'Goalkeeper', NULL),
(16166, 1, 'Artem Shabanov', NULL, '1992-03-07', 'Ukraine', 'PLAYER', 'Defender', NULL),
(16213, 1, 'Eduard Sobol', NULL, '1995-04-20', 'Ukraine', 'PLAYER', 'Defender', NULL),
(16469, 1, 'Serhii Kryvtsov', NULL, '1991-03-15', 'Ukraine', 'PLAYER', 'Defender', NULL),
(16475, 1, 'Mykola Matviienko', NULL, '1996-05-02', 'Ukraine', 'PLAYER', 'Defender', NULL),
(8974, 1, 'Ruslan Malinovskyi', NULL, '1993-05-04', 'Ukraine', 'PLAYER', 'Midfielder', NULL),
(9038, 1, 'Roman Bezus', NULL, '1990-09-26', 'Ukraine', 'PLAYER', 'Midfielder', NULL),
(6504, 1, 'Yevhen Konoplyanka', NULL, '1989-09-29', 'Ukraine', 'PLAYER', 'Midfielder', NULL),
(16171, 1, 'Vitalii Buyalskyi', NULL, '1993-01-06', 'Ukraine', 'PLAYER', 'Midfielder', NULL),
(16173, 1, 'Viktor Tsyhankov', NULL, '1997-11-15', 'Ukraine', 'PLAYER', 'Midfielder', NULL),
(16170, 1, 'Serhii Sydorchuk', NULL, '1991-05-02', 'Ukraine', 'PLAYER', 'Midfielder', NULL),
(16175, 1, 'Volodymyr Shepeliev', NULL, '1997-06-01', 'Ukraine', 'PLAYER', 'Midfielder', NULL),
(16478, 1, 'Marlos', NULL, '1988-06-07', 'Ukraine', 'PLAYER', 'Midfielder', NULL),
(16480, 1, 'Viktor Kovalenko', NULL, '1996-02-14', 'Ukraine', 'PLAYER', 'Midfielder', NULL),
(84519, 1, 'Dmytro Ivanisenia', NULL, '1994-01-11', 'Ukraine', 'PLAYER', 'Midfielder', NULL),
(43503, 1, 'Evgen Shakhov', NULL, '1990-11-30', 'Ukraine', 'PLAYER', 'Midfielder', NULL),
(163, 1, 'Andrii Yarmolenko', NULL, '1989-10-23', 'Ukraine', 'PLAYER', 'Attacker', NULL),
(16185, 1, 'Artem Biesiedin', NULL, '1996-03-31', 'Ukraine', 'PLAYER', 'Attacker', NULL),
(8922, 1, 'Roman Yaremchuk', NULL, '1995-11-27', 'Ukraine', 'PLAYER', 'Attacker', NULL),
(16186, 1, 'Júnior Moraes', NULL, '1987-04-04', 'Ukraine', 'PLAYER', 'Attacker', NULL),
(28872, 1, 'Serhii Bolbat', NULL, '1993-06-13', 'Ukraine', 'PLAYER', 'Attacker', NULL),
(29016, 1, 'Marian Shved', NULL, '1997-07-16', 'Ukraine', 'PLAYER', 'Attacker', NULL),
(63855, 1, 'Rados?aw Majecki', NULL, '1999-11-16', 'Poland', 'PLAYER', 'Goalkeeper', NULL),
(29215, 1, 'Oleksandr Karavaiev', NULL, '1992-06-02', 'Ukraine', 'PLAYER', 'Midfielder', NULL),
(2022, 1, 'Wojciech Szcz?sny', NULL, '1990-04-18', 'Poland', 'PLAYER', 'Goalkeeper', NULL),
(136066, 1, 'Andriy Shevchenko', NULL, '1976-09-29', 'Ukraine', 'COACH', '', NULL),
(1797, 1, '?ukasz Skorupski', NULL, '1991-05-05', 'Poland', 'PLAYER', 'Goalkeeper', NULL),
(2249, 1, 'Bartosz Bereszy?ski', NULL, '1992-07-12', 'Poland', 'PLAYER', 'Defender', NULL),
(136, 1, '?ukasz Piszczek', NULL, '1985-06-03', 'Poland', 'PLAYER', 'Defender', NULL),
(2356, 1, 'Thiago Cionek', NULL, '1986-04-21', 'Poland', 'PLAYER', 'Defender', NULL),
(3529, 1, 'Kamil Glik', NULL, '1988-02-03', 'Poland', 'PLAYER', 'Defender', NULL),
(3531, 1, 'Tomasz K?dziora', NULL, '1994-06-11', 'Poland', 'PLAYER', 'Defender', NULL),
(8086, 1, 'Jan Bednarek', NULL, '1996-04-12', 'Poland', 'PLAYER', 'Defender', NULL),
(3534, 1, 'Grzegorz Krychowiak', NULL, '1990-01-29', 'Poland', 'PLAYER', 'Midfielder', NULL),
(2097, 1, 'Piotr Zieli?ski', NULL, '1994-05-20', 'Poland', 'PLAYER', 'Midfielder', NULL),
(3528, 1, 'Artur J?drzejczyk', NULL, '1987-11-04', 'Poland', 'PLAYER', 'Defender', NULL),
(3536, 1, 'Maciej Rybus', NULL, '1989-08-19', 'Poland', 'PLAYER', 'Midfielder', NULL),
(3538, 1, 'Jacek Góralski', NULL, '1992-09-21', 'Poland', 'PLAYER', 'Midfielder', NULL),
(3539, 1, 'Damian K?dzior', NULL, '1992-06-16', 'Poland', 'PLAYER', 'Midfielder', NULL),
(5073, 1, 'Krystian Bielik', NULL, '1998-01-04', 'Poland', 'PLAYER', 'Midfielder', NULL),
(3540, 1, 'Przemys?aw Frankowski', NULL, '1995-04-12', 'Poland', 'PLAYER', 'Midfielder', NULL),
(7505, 1, 'Mateusz Klich', NULL, '1990-06-13', 'Poland', 'PLAYER', 'Midfielder', NULL),
(10201, 1, 'Sebastian Szyma?ski', NULL, '1999-05-10', 'Poland', 'PLAYER', 'Midfielder', NULL),
(64399, 1, 'Dominik Furman', NULL, '1992-07-06', 'Poland', 'PLAYER', 'Midfielder', NULL),
(64233, 1, 'Kamil Jó?wiak', NULL, '1998-04-22', 'Poland', 'PLAYER', 'Midfielder', NULL),
(3542, 1, 'Kamil Grosicki', NULL, '1988-06-08', 'Poland', 'PLAYER', 'Attacker', NULL),
(64415, 1, 'Arkadiusz Reca', NULL, '1995-06-17', 'Poland', 'PLAYER', 'Midfielder', NULL),
(64418, 1, 'Jerzy Brz?czek', NULL, '1971-03-18', 'Poland', 'COACH', '', NULL),
(9441, 1, 'Ji?í Pavlenka', NULL, '1992-04-14', 'Czech Republic', 'PLAYER', 'Goalkeeper', NULL),
(16210, 1, 'Ond?ej Kolar', NULL, '1994-10-17', 'Czech Republic', 'PLAYER', 'Goalkeeper', NULL),
(3961, 1, 'Tomáš Kalas', NULL, '1993-05-15', 'Czech Republic', 'PLAYER', 'Defender', NULL),
(15731, 1, 'Jan Bo?il', NULL, '1991-01-11', 'Czech Republic', 'PLAYER', 'Defender', NULL),
(8966, 1, 'Jakub Brabec', NULL, '1992-08-06', 'Czech Republic', 'PLAYER', 'Defender', NULL),
(16037, 1, 'Tomáš Vaclík', NULL, '1989-03-29', 'Czech Republic', 'PLAYER', 'Goalkeeper', NULL),
(15772, 1, 'Radim ?ezník', NULL, '1989-01-20', 'Czech Republic', 'PLAYER', 'Defender', NULL),
(16218, 1, 'Ond?ej Kúdela', NULL, '1987-03-26', 'Czech Republic', 'PLAYER', 'Defender', NULL),
(30372, 1, 'Ond?ej ?el?stka', NULL, '1989-06-18', 'Czech Republic', 'PLAYER', 'Defender', NULL),
(62631, 1, 'Vladimir Coufal', NULL, '1992-08-22', 'Czech Republic', 'PLAYER', 'Defender', NULL),
(15742, 1, 'Tomáš Sou?ek', NULL, '1995-02-27', 'Czech Republic', 'PLAYER', 'Defender', NULL),
(62623, 1, 'Alex Král', NULL, '1998-05-19', 'Czech Republic', 'PLAYER', 'Defender', NULL),
(317, 1, 'Pavel Kade?ábek', NULL, '1992-04-25', 'Czech Republic', 'PLAYER', 'Midfielder', NULL),
(2128, 1, 'Jakub Jankto', NULL, '1996-01-19', 'Czech Republic', 'PLAYER', 'Midfielder', NULL),
(15728, 1, 'Josef Hušbauer', NULL, '1990-03-16', 'Czech Republic', 'PLAYER', 'Midfielder', NULL),
(15767, 1, 'Jan Kopic', NULL, '1990-06-04', 'Czech Republic', 'PLAYER', 'Midfielder', NULL),
(1878, 1, 'Ladislav Krej?í', NULL, '1992-07-05', 'Czech Republic', 'PLAYER', 'Midfielder', NULL),
(30583, 1, 'David Pavelka', NULL, '1991-05-18', 'Czech Republic', 'PLAYER', 'Midfielder', NULL),
(62635, 1, 'Petr Šev?ík', NULL, '1994-05-04', 'Czech Republic', 'PLAYER', 'Midfielder', NULL),
(62535, 1, 'Lukáš Masopust', NULL, '1993-02-12', 'Czech Republic', 'PLAYER', 'Midfielder', NULL),
(24249, 1, 'Filip Novák', NULL, '1990-06-26', 'Czech Republic', 'PLAYER', 'Midfielder', NULL),
(15766, 1, 'Michal Krmen?ík', NULL, '1993-03-15', 'Czech Republic', 'PLAYER', 'Attacker', NULL),
(62672, 1, 'Lukáš Kalvach', NULL, '1995-07-19', 'Czech Republic', 'PLAYER', 'Midfielder', NULL),
(92489, 1, 'Zdenek Ondrášek', NULL, '1988-12-22', 'Czech Republic', 'PLAYER', 'Attacker', NULL),
(62529, 1, 'Martin Doležal', NULL, '1990-05-03', 'Czech Republic', 'PLAYER', 'Attacker', NULL),
(15745, 1, 'Jaroslav Šilhavý', NULL, '1961-11-03', 'Czech Republic', 'COACH', '', NULL),
(29518, 1, 'Altay Bay?nd?r', NULL, '1998-04-14', 'Turkey', 'PLAYER', 'Goalkeeper', NULL),
(9154, 1, 'Sinan Bolat', NULL, '1988-09-03', 'Turkey', 'PLAYER', 'Goalkeeper', NULL),
(30283, 1, 'U?urcan Çak?r', NULL, '1996-04-05', 'Turkey', 'PLAYER', 'Goalkeeper', NULL),
(9475, 1, 'Ça?lar Söyüncü', NULL, '1996-05-23', 'Turkey', 'PLAYER', 'Defender', NULL),
(16641, 1, 'Mert Günok', NULL, '1989-03-01', 'Turkey', 'PLAYER', 'Goalkeeper', NULL),
(10647, 1, 'Mert Müldür', NULL, '1999-04-03', 'Turkey', 'PLAYER', 'Defender', NULL),
(30511, 1, 'Hasan Ali Kald?r?m', NULL, '1989-12-09', 'Turkey', 'PLAYER', 'Defender', NULL),
(29895, 1, 'Cengiz Umut Mera?', NULL, '1995-12-20', 'Turkey', 'PLAYER', 'Defender', NULL),
(1754, 1, 'Hakan Çalhano?lu', NULL, '1994-02-08', 'Turkey', 'PLAYER', 'Midfielder', NULL),
(30354, 1, 'Y?ld?r?m Mert Çetin', NULL, '1997-01-01', 'Turkey', 'PLAYER', 'Defender', NULL),
(37118, 1, 'Merih Demiral', NULL, '1998-03-05', 'Turkey', 'PLAYER', 'Defender', NULL),
(30507, 1, 'Ozan Tufan', NULL, '1995-03-23', 'Turkey', 'PLAYER', 'Defender', NULL),
(30548, 1, 'Ozan Kabak', NULL, '2000-03-25', 'Turkey', 'PLAYER', 'Defender', NULL),
(1818, 1, 'Cengiz Ünder', NULL, '1997-07-14', 'Turkey', 'PLAYER', 'Midfielder', NULL),
(9397, 1, 'Berkay Özcan', NULL, '1998-02-15', 'Turkey', 'PLAYER', 'Midfielder', NULL),
(16651, 1, 'Mahmut Tekdemir', NULL, '1988-01-20', 'Turkey', 'PLAYER', 'Midfielder', NULL),
(16653, 1, 'Emre Belözo?lu', NULL, '1980-09-07', 'Turkey', 'PLAYER', 'Midfielder', NULL),
(30297, 1, 'Okay Yoku?lu', NULL, '1994-03-09', 'Turkey', 'PLAYER', 'Midfielder', NULL),
(30391, 1, 'Emre K?l?nç', NULL, '1994-08-23', 'Turkey', 'PLAYER', 'Midfielder', NULL),
(30477, 1, 'Deniz Türüç', NULL, '1993-01-29', 'Turkey', 'PLAYER', 'Midfielder', NULL),
(30395, 1, 'Naz?m Sangare', NULL, '1994-05-30', 'Turkey', 'PLAYER', 'Midfielder', NULL),
(30599, 1, 'Efecan Karaca', NULL, '1989-11-16', 'Turkey', 'PLAYER', 'Midfielder', NULL),
(30415, 1, 'Ömer Bayram', NULL, '1991-07-27', 'Turkey', 'PLAYER', 'Midfielder', NULL),
(16655, 1, '?rfan Can Kahveci', NULL, '1995-07-15', 'Turkey', 'PLAYER', 'Midfielder', NULL),
(7854, 1, 'Cenk Tosun', NULL, '1991-06-07', 'Turkey', 'PLAYER', 'Attacker', NULL),
(30323, 1, 'Burak Y?lmaz', NULL, '1985-07-15', 'Turkey', 'PLAYER', 'Attacker', NULL),
(80581, 1, 'Güven Yalç?n', NULL, '1999-01-18', 'Turkey', 'PLAYER', 'Attacker', NULL),
(15959, 1, '?enol Güne?', NULL, '1952-06-01', 'Turkey', 'COACH', '', NULL),
(4258, 1, 'Anssi Jaakkola', NULL, '1987-03-13', 'Finland', 'PLAYER', 'Goalkeeper', NULL),
(100393, 1, 'Ahmed Kutucu', NULL, '2000-03-01', 'Turkey', 'PLAYER', 'Attacker', NULL),
(33132, 1, 'Enes Ünal', NULL, '1997-05-10', 'Turkey', 'PLAYER', 'Attacker', NULL),
(23926, 1, 'Jesse Joronen', NULL, '1993-03-21', 'Finland', 'PLAYER', 'Goalkeeper', NULL),
(2352, 1, 'Sauli Väisänen', NULL, '1994-06-05', 'Finland', 'PLAYER', 'Defender', NULL),
(24093, 1, 'Paulus Arajuuri', NULL, '1988-06-15', 'Finland', 'PLAYER', 'Defender', NULL),
(72730, 1, 'Jukka Raitala', NULL, '1988-09-15', 'Finland', 'PLAYER', 'Defender', NULL),
(7259, 1, 'Thomas Lam', NULL, '1993-12-18', 'Finland', 'PLAYER', 'Defender', NULL),
(7264, 1, 'Fredrik Jensen', NULL, '1997-09-09', 'Finland', 'PLAYER', 'Midfielder', NULL),
(55904, 1, 'Leo Väisänen', NULL, '1997-07-23', 'Finland', 'PLAYER', 'Defender', NULL),
(15426, 1, 'Jasse Tuominen', NULL, '1995-11-12', 'Finland', 'PLAYER', 'Midfielder', NULL),
(24198, 1, 'Tim Sparv', NULL, '1987-02-20', 'Finland', 'PLAYER', 'Midfielder', NULL),
(24025, 1, 'Joni Kauko', NULL, '1990-07-12', 'Finland', 'PLAYER', 'Midfielder', NULL),
(34522, 1, 'Glen Kamara', NULL, '1995-10-28', 'Finland', 'PLAYER', 'Midfielder', NULL),
(81296, 1, 'Joona Toivio', NULL, '1988-03-10', 'Finland', 'PLAYER', 'Defender', NULL),
(31138, 1, 'Simon Skrabb', NULL, '1995-01-19', 'Finland', 'PLAYER', 'Midfielder', NULL),
(42887, 1, 'Robin Lod', NULL, '1993-04-17', 'Finland', 'PLAYER', 'Midfielder', NULL),
(38543, 1, 'Robert Taylor', NULL, '1994-10-21', 'Finland', 'PLAYER', 'Midfielder', NULL),
(77033, 1, 'Rasmus Schüller', NULL, '1991-06-18', 'Finland', 'PLAYER', 'Midfielder', NULL),
(6479, 1, 'Joel Pohjanpalo', NULL, '1994-09-13', 'Finland', 'PLAYER', 'Attacker', NULL),
(55750, 1, 'Rasmus Karjalainen', NULL, '1996-04-04', 'Finland', 'PLAYER', 'Attacker', NULL),
(24121, 1, 'Teemu Pukki', NULL, '1990-03-29', 'Finland', 'PLAYER', 'Attacker', NULL),
(80387, 1, 'Pyry Soiri', NULL, '1994-09-22', 'Finland', 'PLAYER', 'Attacker', NULL),
(7675, 1, 'Marco Bizot', NULL, '1991-03-10', 'Netherlands', 'PLAYER', 'Goalkeeper', NULL),
(136070, 1, 'Markku Kanerva', NULL, '1964-05-24', 'Finland', 'COACH', '', NULL),
(2053, 1, 'Stefan de Vrij', NULL, '1992-02-05', 'Netherlands', 'PLAYER', 'Defender', NULL),
(15860, 1, 'Jasper Cillessen', NULL, '1989-04-22', 'Netherlands', 'PLAYER', 'Goalkeeper', NULL),
(7547, 1, 'Joël Veltman', NULL, '1992-01-15', 'Netherlands', 'PLAYER', 'Defender', NULL),
(55869, 1, 'Juha Pirinen', NULL, '1991-10-22', 'Finland', 'PLAYER', 'Midfielder', NULL),
(7549, 1, 'Matthijs de Ligt', NULL, '1999-08-12', 'Netherlands', 'PLAYER', 'Defender', NULL),
(7869, 1, 'Virgil van Dijk', NULL, '1991-07-08', 'Netherlands', 'PLAYER', 'Defender', NULL),
(7899, 1, 'Daley Blind', NULL, '1990-03-09', 'Netherlands', 'PLAYER', 'Defender', NULL),
(7559, 1, 'Frenkie de Jong', NULL, '1997-05-12', 'Netherlands', 'PLAYER', 'Midfielder', NULL),
(8146, 1, 'Patrick van Aanholt', NULL, '1990-08-29', 'Netherlands', 'PLAYER', 'Defender', NULL),
(7556, 1, 'Donny van de Beek', NULL, '1997-04-18', 'Netherlands', 'PLAYER', 'Midfielder', NULL),
(8240, 1, 'Nathan Aké', NULL, '1995-02-18', 'Netherlands', 'PLAYER', 'Defender', NULL),
(1848, 1, 'Marten de Roon', NULL, '1991-03-29', 'Netherlands', 'PLAYER', 'Midfielder', NULL),
(7690, 1, 'Calvin Stengs', NULL, '1998-12-18', 'Netherlands', 'PLAYER', 'Midfielder', NULL),
(7871, 1, 'Georginio Wijnaldum', NULL, '1990-11-11', 'Netherlands', 'PLAYER', 'Midfielder', NULL),
(7452, 1, 'Luuk de Jong', NULL, '1990-08-27', 'Netherlands', 'PLAYER', 'Attacker', NULL),
(7703, 1, 'Myron Boadu', NULL, '2001-01-14', 'Netherlands', 'PLAYER', 'Attacker', NULL),
(15952, 1, 'Ryan Babel', NULL, '1986-12-19', 'Netherlands', 'PLAYER', 'Attacker', NULL),
(8472, 1, 'Memphis Depay', NULL, '1994-02-13', 'Netherlands', 'PLAYER', 'Attacker', NULL),
(11591, 1, 'Ronald Koeman', NULL, '1963-03-21', 'Netherlands', 'COACH', '', NULL),
(16148, 1, 'Quincy Promes', NULL, '1992-01-04', 'Netherlands', 'PLAYER', 'Attacker', NULL),
(8275, 1, 'Davy Pröpper', NULL, '1991-09-02', 'Netherlands', 'PLAYER', 'Midfielder', NULL),
(1734, 1, 'Antonio Donnarumma', NULL, '1990-07-07', 'Italy', 'PLAYER', 'Goalkeeper', NULL),
(8229, 1, 'Asmir Begovi?', NULL, '1987-06-20', 'Bosnia and Herzegovina', 'PLAYER', 'Goalkeeper', NULL),
(71, 1, 'Theo Hernández', NULL, '1997-10-06', 'France', 'PLAYER', 'Defender', NULL),
(1738, 1, 'Davide Calabria', NULL, '1996-12-06', 'Italy', 'PLAYER', 'Defender', NULL),
(1742, 1, 'Andrea Conti', NULL, '1994-03-02', 'Italy', 'PLAYER', 'Defender', NULL),
(1746, 1, 'Mateo Musacchio', NULL, '1990-08-26', 'Argentina', 'PLAYER', 'Defender', NULL),
(1542, 1, 'Léo Duarte', NULL, '1996-07-17', 'Brazil', 'PLAYER', 'Midfielder', NULL),
(1747, 1, 'Franck Kessié', NULL, '1996-12-19', 'Côte d’Ivoire', 'PLAYER', 'Midfielder', NULL),
(1750, 1, 'Giacomo Bonaventura', NULL, '1989-08-22', 'Italy', 'PLAYER', 'Midfielder', NULL),
(1753, 1, 'Matteo Gabbia', NULL, '1999-10-21', 'Italy', 'PLAYER', 'Midfielder', NULL),
(1755, 1, 'Lucas Biglia', NULL, '1986-01-30', 'Argentina', 'PLAYER', 'Midfielder', NULL),
(2494, 1, 'Rade Kruni?', NULL, '1993-10-07', 'Bosnia and Herzegovina', 'PLAYER', 'Midfielder', NULL),
(8858, 1, 'Alexis Saelemaekers', NULL, '1999-06-27', 'Belgium', 'PLAYER', 'Midfielder', NULL),
(2505, 1, 'Ismael Bennacer', NULL, '1997-12-01', 'Algeria', 'PLAYER', 'Attacker', NULL),
(11688, 1, 'Zlatan Ibrahimovic', NULL, '1981-10-03', 'Sweden', 'PLAYER', 'Attacker', NULL),
(33126, 1, 'Samu Castillejo', NULL, '1995-01-18', 'Spain', 'PLAYER', 'Attacker', NULL),
(15892, 1, 'Rafael Leão', NULL, '1999-06-10', 'Portugal', 'PLAYER', 'Attacker', NULL),
(136113, 1, 'Daniel Maldini', NULL, '2001-10-11', 'Italy', 'PLAYER', 'Attacker', NULL),
(10998, 1, 'Stefano Pioli', NULL, '1965-10-20', 'Italy', 'COACH', '', NULL),
(1766, 1, 'Bart?omiej Dragowski', NULL, '1997-08-19', 'Poland', 'PLAYER', 'Goalkeeper', NULL),
(2476, 1, 'Pietro Terracciano', NULL, '1990-03-08', 'Italy', 'PLAYER', 'Goalkeeper', NULL),
(1769, 1, 'Federico Brancolini', NULL, '2001-07-14', 'Italy', 'PLAYER', 'Goalkeeper', NULL),
(1999, 1, 'Dalbert Henrique', NULL, '1993-09-08', 'Brazil', 'PLAYER', 'Defender', NULL),
(2185, 1, 'Pol Mikel Lirola', NULL, '1997-08-13', 'Spain', 'PLAYER', 'Defender', NULL),
(1775, 1, 'Nikola Milenkovi?', NULL, '1997-10-12', 'Serbia', 'PLAYER', 'Defender', NULL),
(2213, 1, 'Federico Ceccherini', NULL, '1992-05-11', 'Italy', 'PLAYER', 'Defender', NULL),
(2310, 1, 'Lorenzo Venuti', NULL, '1995-04-12', 'Italy', 'PLAYER', 'Defender', NULL),
(10777, 1, 'Igor', NULL, '1998-02-07', 'Brazil', 'PLAYER', 'Defender', NULL),
(140785, 1, 'Christian Dalle Mura', NULL, '2002-02-02', 'Italy', 'PLAYER', 'Defender', NULL),
(73064, 1, 'Aleksa Terzi?', NULL, '1999-08-17', 'Serbia', 'PLAYER', 'Defender', NULL),
(354, 1, 'Franck Ribéry', NULL, '1983-04-07', 'France', 'PLAYER', 'Midfielder', NULL),
(1784, 1, 'Marco Benassi', NULL, '1994-05-05', 'Italy', 'PLAYER', 'Midfielder', NULL),
(1867, 1, 'Erick Pulgar', NULL, '1994-01-15', 'Chile', 'PLAYER', 'Midfielder', NULL),
(8761, 1, 'Rachid Ghezzal', NULL, '1992-05-09', 'Algeria', 'PLAYER', 'Midfielder', NULL),
(22552, 1, 'Kevin Agudelo', NULL, '1998-11-14', 'Colombia', 'PLAYER', 'Midfielder', NULL),
(2194, 1, 'Alfred Duncan', NULL, '1993-03-01', 'Ghana', 'PLAYER', 'Midfielder', NULL),
(1757, 1, 'Patrick Cutrone', NULL, '1998-01-03', 'Italy', 'PLAYER', 'Attacker', NULL),
(50201, 1, 'Nicky Medja', NULL, '2000-02-16', 'Switzerland', 'PLAYER', 'Midfielder', NULL),
(1790, 1, 'Cyril Théréau', NULL, '1983-04-24', 'France', 'PLAYER', 'Attacker', NULL),
(1792, 1, 'Riccardo Sottil', NULL, '1999-06-03', 'Italy', 'PLAYER', 'Attacker', NULL),
(82002, 1, 'Dušan Vlahovi?', NULL, '2000-01-28', 'Serbia', 'PLAYER', 'Attacker', NULL),
(11106, 1, 'Giuseppe Iachini', NULL, '1964-05-07', 'Italy', 'COACH', '', NULL),
(1861, 1, 'Antonio Mirante', NULL, '1983-07-08', 'Italy', 'PLAYER', 'Goalkeeper', NULL),
(1800, 1, 'Federico Fazio', NULL, '1987-03-17', 'Argentina', 'PLAYER', 'Defender', NULL),
(1802, 1, 'Bruno Peres', NULL, '1990-03-01', 'Brazil', 'PLAYER', 'Defender', NULL),
(1801, 1, 'Juan', NULL, '1991-06-10', 'Brazil', 'PLAYER', 'Defender', NULL),
(1804, 1, 'Aleksandar Kolarov', NULL, '1985-11-10', 'Serbia', 'PLAYER', 'Defender', NULL),
(7807, 1, 'Davide Zappacosta', NULL, '1992-06-11', 'Italy', 'PLAYER', 'Defender', NULL),
(1996, 1, 'Davide Santon', NULL, '1991-01-02', 'Italy', 'PLAYER', 'Defender', NULL),
(7896, 1, 'Chris Smalling', NULL, '1989-11-22', 'England', 'PLAYER', 'Defender', NULL),
(1783, 1, 'Jordan Veretout', NULL, '1993-03-01', 'France', 'PLAYER', 'Midfielder', NULL),
(1081, 1, 'Roger Ibañez', NULL, '1998-11-23', 'Brazil', 'PLAYER', 'Midfielder', NULL),
(1814, 1, 'Diego Perotti', NULL, '1988-07-26', 'Argentina', 'PLAYER', 'Midfielder', NULL),
(1819, 1, 'Lorenzo Pellegrini', NULL, '1996-06-19', 'Italy', 'PLAYER', 'Midfielder', NULL),
(1842, 1, 'Leonardo Spinazzola', NULL, '1993-03-25', 'Italy', 'PLAYER', 'Midfielder', NULL),
(1844, 1, 'Bryan Cristante', NULL, '1995-03-03', 'Italy', 'PLAYER', 'Midfielder', NULL),
(7561, 1, 'Justin Kluivert', NULL, '1999-05-05', 'Netherlands', 'PLAYER', 'Midfielder', NULL),
(2099, 1, 'Amadou Diawara', NULL, '1997-07-17', 'Guinea', 'PLAYER', 'Midfielder', NULL),
(7795, 1, 'Henrikh Mkhitaryan', NULL, '1989-01-21', 'Armenia', 'PLAYER', 'Midfielder', NULL),
(8483, 1, 'Javier Pastore', NULL, '1989-06-20', 'Argentina', 'PLAYER', 'Midfielder', NULL),
(33150, 1, 'Gonzalo Villar', NULL, '1998-03-23', 'Spain', 'PLAYER', 'Midfielder', NULL),
(32510, 1, 'Carles Pérez', NULL, '1998-02-16', 'Spain', 'PLAYER', 'Midfielder', NULL),
(1761, 1, 'Nikola Kalini?', NULL, '1988-01-05', 'Croatia', 'PLAYER', 'Attacker', NULL),
(1822, 1, 'Edin Džeko', NULL, '1986-03-17', 'Bosnia and Herzegovina', 'PLAYER', 'Attacker', NULL),
(16490, 1, 'Paulo Fonseca', NULL, '1973-03-05', 'Portugal', 'COACH', '', NULL),
(1991, 1, 'Samir Handanovi?', NULL, '1984-07-14', 'Slovenia', 'PLAYER', 'Goalkeeper', NULL),
(1993, 1, 'Daniele Padelli', NULL, '1985-10-25', 'Italy', 'PLAYER', 'Goalkeeper', NULL),
(1992, 1, 'Tommaso Berni', NULL, '1983-03-06', 'Italy', 'PLAYER', 'Goalkeeper', NULL),
(1998, 1, 'Andrea Ranocchia', NULL, '1988-02-16', 'Italy', 'PLAYER', 'Defender', NULL),
(2005, 1, 'Antonio Candreva', NULL, '1987-02-28', 'Italy', 'PLAYER', 'Midfielder', NULL),
(1834, 1, 'Alessandro Bastoni', NULL, '1999-04-13', 'Italy', 'PLAYER', 'Defender', NULL),
(2006, 1, 'Roberto Gagliardini', NULL, '1994-04-07', 'Italy', 'PLAYER', 'Midfielder', NULL),
(2007, 1, 'Milan Škriniar', NULL, '1995-02-11', 'Slovakia', 'PLAYER', 'Midfielder', NULL),
(2008, 1, 'Borja Valero', NULL, '1985-01-12', 'Spain', 'PLAYER', 'Midfielder', NULL),
(2197, 1, 'Stefano Sensi', NULL, '1995-08-05', 'Italy', 'PLAYER', 'Midfielder', NULL),
(2033, 1, 'Kwadwo Asamoah', NULL, '1988-12-09', 'Ghana', 'PLAYER', 'Midfielder', NULL),
(3317, 1, 'Ashley Young', NULL, '1985-07-09', 'England', 'PLAYER', 'Midfielder', NULL),
(3389, 1, 'Victor Moses', NULL, '1990-12-12', 'Nigeria', 'PLAYER', 'Midfielder', NULL),
(7911, 1, 'Alexis Sánchez', NULL, '1988-12-19', 'Chile', 'PLAYER', 'Attacker', NULL),
(11102, 1, 'Giulio Nuciari', NULL, '1960-04-21', 'Italy', 'GOALKEEPER_COACH', '', NULL),
(114054, 1, 'Sebastiano Esposito', NULL, '2002-07-02', 'Italy', 'PLAYER', 'Attacker', NULL),
(1767, 1, 'Marco Sportiello', NULL, '1992-05-10', 'Italy', 'PLAYER', 'Goalkeeper', NULL),
(11583, 1, 'Antonio Conte', NULL, '1969-07-31', 'Italy', 'COACH', '', NULL),
(1830, 1, 'Francesco Rossi', NULL, '1991-04-27', 'Italy', 'PLAYER', 'Goalkeeper', NULL),
(1833, 1, 'Mattia Caldara', NULL, '1994-05-05', 'Italy', 'PLAYER', 'Defender', NULL),
(1832, 1, 'Rafael Tolói', NULL, '1990-10-10', 'Brazil', 'PLAYER', 'Defender', NULL),
(1835, 1, 'Hans Hateboer', NULL, '1994-01-09', 'Netherlands', 'PLAYER', 'Defender', NULL),
(1748, 1, 'Raoul Bellanova', NULL, '2000-06-17', 'Italy', 'PLAYER', 'Defender', NULL),
(1838, 1, 'José Luis Palomino', NULL, '1990-04-05', 'Argentina', 'PLAYER', 'Defender', NULL),
(101439, 1, 'Caleb Okoli', NULL, '2001-07-13', 'Nigeria', 'PLAYER', 'Defender', NULL),
(80166, 1, 'Lennart-Marten Czyborra', NULL, '1999-05-03', 'Germany', 'PLAYER', 'Defender', NULL),
(2315, 1, 'Berat Gjimshiti', NULL, '1993-02-19', 'Albania', 'PLAYER', 'Defender', NULL),
(1841, 1, 'Remo Freuler', NULL, '1992-04-15', 'Switzerland', 'PLAYER', 'Midfielder', NULL),
(1840, 1, 'Alejandro Gómez', NULL, '1988-02-15', 'Argentina', 'PLAYER', 'Midfielder', NULL),
(1845, 1, 'Josip Ili?i?', NULL, '1988-01-29', 'Slovenia', 'PLAYER', 'Midfielder', NULL),
(1847, 1, 'Robin Gosens', NULL, '1994-07-05', 'Germany', 'PLAYER', 'Midfielder', NULL),
(8438, 1, 'Adrien Tameze', NULL, '1994-02-04', 'Cameroon', 'PLAYER', 'Midfielder', NULL),
(123753, 1, 'Ebrima Colley', NULL, '2000-02-01', 'Gambia', 'PLAYER', 'Midfielder', NULL),
(2271, 1, 'Duván Zapata', NULL, '1991-04-01', 'Colombia', 'PLAYER', 'Attacker', NULL),
(10989, 1, 'Gian Piero Gasperini', NULL, '1958-01-26', 'Italy', 'COACH', '', NULL),
(57, 1, 'Luis Muriel', NULL, '1991-04-16', 'Colombia', 'PLAYER', 'Attacker', NULL),
(1892, 1, 'Rafael', NULL, '1982-03-03', 'Brazil', 'PLAYER', 'Goalkeeper', NULL),
(1897, 1, 'Luca Ceppitelli', NULL, '1989-11-08', 'Italy', 'PLAYER', 'Defender', NULL),
(102591, 1, 'Roberto Piccoli', NULL, '2001-01-27', 'Italy', 'PLAYER', 'Attacker', NULL),
(1895, 1, 'Alessio Cragno', NULL, '1994-06-28', 'Italy', 'PLAYER', 'Goalkeeper', NULL),
(15512, 1, 'Robin Olsen', NULL, '1990-01-08', 'Sweden', 'PLAYER', 'Goalkeeper', NULL),
(1803, 1, 'Luca Pellegrini', NULL, '1999-03-07', 'Italy', 'PLAYER', 'Defender', NULL),
(1898, 1, 'Fabio Pisacane', NULL, '1986-01-28', 'Italy', 'PLAYER', 'Defender', NULL),
(1905, 1, 'Babis Lykogiannis', NULL, '1993-10-22', 'Greece', 'PLAYER', 'Defender', NULL),
(7866, 1, 'Ragnar Klavan', NULL, '1985-10-30', 'Estonia', 'PLAYER', 'Defender', NULL),
(1936, 1, 'Fabrizio Cacciatore', NULL, '1986-10-08', 'Italy', 'PLAYER', 'Defender', NULL),
(105441, 1, 'Sebastian Walukiewicz', NULL, '2000-04-05', 'Poland', 'PLAYER', 'Defender', NULL),
(1907, 1, 'João Pedro Galvão', NULL, '1992-03-09', 'Brazil', 'PLAYER', 'Midfielder', NULL),
(1813, 1, 'Radja Nainggolan', NULL, '1988-05-04', 'Belgium', 'PLAYER', 'Midfielder', NULL),
(1910, 1, 'Artur Ioni??', NULL, '1990-08-17', 'Moldova', 'PLAYER', 'Midfielder', NULL),
(1915, 1, 'Luca Cigarini', NULL, '1986-06-20', 'Italy', 'PLAYER', 'Midfielder', NULL),
(1913, 1, 'Paolo Faragò', NULL, '1993-02-12', 'Italy', 'PLAYER', 'Midfielder', NULL),
(1942, 1, 'Valter Birsa', NULL, '1986-08-07', 'Slovenia', 'PLAYER', 'Midfielder', NULL),
(2363, 1, 'Federico Mattiello', NULL, '1995-07-14', 'Italy', 'PLAYER', 'Midfielder', NULL),
(3168, 1, 'Nahitan Nández', NULL, '1995-12-28', 'Uruguay', 'PLAYER', 'Midfielder', NULL),
(28708, 1, 'Christian Oliva', NULL, '1996-06-01', 'Uruguay', 'PLAYER', 'Midfielder', NULL),
(137506, 1, 'Andrea Carboni', NULL, '2001-02-04', 'Italy', 'PLAYER', 'Midfielder', NULL),
(1789, 1, 'Giovanni Simeone', NULL, '1995-07-05', 'Argentina', 'PLAYER', 'Attacker', NULL),
(1925, 1, 'Leonardo Pavoletti', NULL, '1988-11-26', 'Italy', 'PLAYER', 'Attacker', NULL),
(2370, 1, 'Alberto Paloschi', NULL, '1990-01-04', 'Italy', 'PLAYER', 'Attacker', NULL),
(86197, 1, 'Daniele Ragatzu', NULL, '1991-09-21', 'Italy', 'PLAYER', 'Attacker', NULL),
(11107, 1, 'Walter Zenga', NULL, '1960-04-28', 'Italy', 'COACH', '', NULL),
(2050, 1, 'Thomas Strakosha', NULL, '1995-03-19', 'Albania', 'PLAYER', 'Goalkeeper', NULL),
(2051, 1, 'Guido Guerrieri', NULL, '1996-02-25', 'Italy', 'PLAYER', 'Goalkeeper', NULL),
(9363, 1, 'Silvio Proto', NULL, '1983-05-23', 'Belgium', 'PLAYER', 'Goalkeeper', NULL),
(2055, 1, 'Jordan Lukaku', NULL, '1994-07-25', 'Belgium', 'PLAYER', 'Defender', NULL),
(2052, 1, '?tefan Radu', NULL, '1986-10-22', 'Romania', 'PLAYER', 'Defender', NULL),
(2450, 1, 'Djavan Anderson', NULL, '1995-04-21', 'Netherlands', 'PLAYER', 'Defender', NULL),
(2057, 1, 'Bastos', NULL, '1991-03-27', 'Angola', 'PLAYER', 'Defender', NULL),
(15522, 1, 'Denis Vavro', NULL, '1996-04-10', 'Slovakia', 'PLAYER', 'Defender', NULL),
(77, 1, 'Joaquín Correa', NULL, '1994-08-13', 'Argentina', 'PLAYER', 'Midfielder', NULL),
(2061, 1, 'Senad Luli?', NULL, '1986-01-18', 'Bosnia and Herzegovina', 'PLAYER', 'Midfielder', NULL),
(102163, 1, 'Jorge Silva', NULL, '1999-02-04', 'Portugal', 'PLAYER', 'Defender', NULL),
(2062, 1, 'Marco Parolo', NULL, '1985-01-25', 'Italy', 'PLAYER', 'Midfielder', NULL),
(2065, 1, 'Patric', NULL, '1993-04-17', 'Spain', 'PLAYER', 'Midfielder', NULL),
(2066, 1, 'Sergej Milinkovi?-Savi?', NULL, '1995-02-27', 'Serbia', 'PLAYER', 'Midfielder', NULL),
(2069, 1, 'Adam Maruši?', NULL, '1992-10-17', 'Montenegro', 'PLAYER', 'Midfielder', NULL),
(2071, 1, 'Luiz Felipe', NULL, '1997-03-22', 'Brazil', 'PLAYER', 'Midfielder', NULL),
(2068, 1, 'Lucas Leiva', NULL, '1987-01-09', 'Brazil', 'PLAYER', 'Midfielder', NULL),
(2358, 1, 'Manuel Lazzari', NULL, '1993-11-29', 'Italy', 'PLAYER', 'Midfielder', NULL),
(2329, 1, 'Danilo Cataldi', NULL, '1994-08-06', 'Italy', 'PLAYER', 'Midfielder', NULL),
(81941, 1, 'Anderson Lima', NULL, '1999-09-23', 'Brazil', 'PLAYER', 'Midfielder', NULL),
(32230, 1, 'Jony', NULL, '1991-07-09', 'Spain', 'PLAYER', 'Midfielder', NULL),
(2077, 1, 'Luis Alberto', NULL, '1992-09-28', 'Spain', 'PLAYER', 'Attacker', NULL),
(7638, 1, 'Ricardo Kishna', NULL, '1995-01-04', 'Netherlands', 'PLAYER', 'Attacker', NULL),
(2079, 1, 'Felipe Caicedo', NULL, '1988-09-05', 'Ecuador', 'PLAYER', 'Attacker', NULL),
(128039, 1, 'Bobby Adekanye', NULL, '1999-02-14', 'Netherlands', 'PLAYER', 'Attacker', NULL),
(11004, 1, 'Simone Inzaghi', NULL, '1976-04-05', 'Italy', 'COACH', '', NULL),
(1860, 1, 'Angelo Da Costa', NULL, '1983-11-12', 'Brazil', 'PLAYER', 'Goalkeeper', NULL),
(56634, 1, 'Mouhamadou Sarr', NULL, '1997-01-05', 'Senegal', 'PLAYER', 'Goalkeeper', NULL),
(74293, 1, 'Sebastian Breza', NULL, '1998-03-15', 'Canada', 'PLAYER', 'Goalkeeper', NULL),
(1939, 1, 'Mattia Bani', NULL, '1993-12-10', 'Italy', 'PLAYER', 'Defender', NULL),
(1866, 1, 'Ibrahima Mbaye', NULL, '1994-11-19', 'Senegal', 'PLAYER', 'Defender', NULL),
(2832, 1, 'Gabriele Corbo', NULL, '2000-01-11', 'Italy', 'PLAYER', 'Defender', NULL),
(2113, 1, 'Danilo', NULL, '1984-05-10', 'Brazil', 'PLAYER', 'Defender', NULL),
(7550, 1, 'Mitchell Dijks', NULL, '1993-02-09', 'Netherlands', 'PLAYER', 'Defender', NULL),
(8869, 1, 'Stefano Denswil', NULL, '1993-05-07', 'Netherlands', 'PLAYER', 'Defender', NULL),
(9034, 1, 'Takehiro Tomiyasu', NULL, '1998-11-05', 'Japan', 'PLAYER', 'Defender', NULL),
(15950, 1, 'Gary Medel', NULL, '1987-08-03', 'Chile', 'PLAYER', 'Defender', NULL),
(1883, 1, 'Andrea Poli', NULL, '1989-09-29', 'Italy', 'PLAYER', 'Midfielder', NULL),
(15354, 1, 'Mattias Svanberg', NULL, '1999-01-05', 'Sweden', 'PLAYER', 'Midfielder', NULL),
(1890, 1, 'Rodrigo Palacio', NULL, '1982-02-05', 'Argentina', 'PLAYER', 'Attacker', NULL),
(33116, 1, 'Roberto Soriano', NULL, '1991-02-08', 'Italy', 'PLAYER', 'Midfielder', NULL),
(141444, 1, 'Leonardo Mazza', NULL, '2000-09-27', 'Italy', 'PLAYER', 'Midfielder', NULL),
(1856, 1, 'Musa Barrow', NULL, '1998-11-14', 'Gambia', 'PLAYER', 'Attacker', NULL),
(9770, 1, 'Jerdy Schouten', NULL, '1997-01-12', 'Netherlands', 'PLAYER', 'Attacker', NULL),
(15534, 1, 'Federico Santander', NULL, '1991-06-04', 'Paraguay', 'PLAYER', 'Attacker', NULL),
(24236, 1, 'Andreas Skov Olsen', NULL, '1999-12-29', 'Denmark', 'PLAYER', 'Attacker', NULL),
(98275, 1, 'Gianmarco Cangiano', NULL, '2001-11-16', 'Italy', 'PLAYER', 'Attacker', NULL),
(99229, 1, 'Musa Juwara', NULL, '2001-12-26', 'Gambia', 'PLAYER', 'Attacker', NULL),
(33129, 1, 'Nicola Sansone', NULL, '1991-09-10', 'Italy', 'PLAYER', 'Attacker', NULL),
(137505, 1, 'Leonardo Stanzani', NULL, '2000-04-12', 'Italy', 'PLAYER', 'Attacker', NULL),
(2048, 1, 'Federico Marchetti', NULL, '1983-02-07', 'Italy', 'PLAYER', 'Goalkeeper', NULL),
(1959, 1, 'Mattia Perin', NULL, '1992-11-10', 'Italy', 'PLAYER', 'Goalkeeper', NULL),
(11027, 1, 'Siniša Mihajlovi?', NULL, '1969-02-20', 'Croatia', 'COACH', '', NULL),
(2276, 1, 'Salvador Ichazo', NULL, '1992-01-26', 'Uruguay', 'PLAYER', 'Goalkeeper', NULL),
(1737, 1, 'Cristián Zapata', NULL, '1986-09-30', 'Colombia', 'PLAYER', 'Defender', NULL),
(1964, 1, 'Davide Biraschi', NULL, '1994-07-02', 'Italy', 'PLAYER', 'Defender', NULL),
(1831, 1, 'Andrea Masiello', NULL, '1986-02-05', 'Italy', 'PLAYER', 'Defender', NULL),
(2187, 1, 'Edoardo Goldaniga', NULL, '1993-11-02', 'Italy', 'PLAYER', 'Defender', NULL),
(2279, 1, 'Antonio Barreca', NULL, '1995-03-18', 'Italy', 'PLAYER', 'Defender', NULL),
(45735, 1, 'Christian Romero', NULL, '1998-04-27', 'Argentina', 'PLAYER', 'Defender', NULL),
(8393, 1, 'Adama Soumaoro', NULL, '1992-06-18', 'France', 'PLAYER', 'Defender', NULL),
(49444, 1, 'Domenico Criscito', NULL, '1986-12-30', 'Italy', 'PLAYER', 'Defender', NULL),
(1943, 1, 'Ivan Radovanovi?', NULL, '1988-08-29', 'Serbia', 'PLAYER', 'Midfielder', NULL),
(2034, 1, 'Stefano Sturaro', NULL, '1993-03-09', 'Italy', 'PLAYER', 'Midfielder', NULL),
(2130, 1, 'Valon Behrami', NULL, '1985-04-19', 'Switzerland', 'PLAYER', 'Midfielder', NULL),
(2596, 1, 'Marko Paja?', NULL, '1993-05-11', 'Croatia', 'PLAYER', 'Midfielder', NULL),
(31017, 1, 'Sebastian Eriksson', NULL, '1989-01-31', 'Sweden', 'PLAYER', 'Midfielder', NULL);
INSERT INTO `jugadores` (`ID`, `ID_Deporte`, `Nombre`, `Descripcion`, `Fecha_Nacimiento`, `Nacionalidad`, `Rol`, `Posicion`, `Imagen`) VALUES
(64080, 1, 'Filip Jagie??o', NULL, '1997-08-08', 'Poland', 'PLAYER', 'Midfielder', NULL),
(1888, 1, 'Mattia Destro', NULL, '1991-03-20', 'Italy', 'PLAYER', 'Attacker', NULL),
(14, 1, 'Antonio Sanabria', NULL, '1996-03-04', 'Paraguay', 'PLAYER', 'Attacker', NULL),
(2199, 1, 'Francesco Cassata', NULL, '1997-07-16', 'Italy', 'PLAYER', 'Midfielder', NULL),
(2299, 1, 'Iago Falqué', NULL, '1990-01-04', 'Spain', 'PLAYER', 'Attacker', NULL),
(1985, 1, 'Goran Pandev', NULL, '1983-07-27', 'North Macedonia', 'PLAYER', 'Attacker', NULL),
(2016, 1, 'Andrea Pinamonti', NULL, '1999-06-19', 'Italy', 'PLAYER', 'Attacker', NULL),
(2536, 1, 'Andrea Favilli', NULL, '1997-05-17', 'Italy', 'PLAYER', 'Attacker', NULL),
(2950, 1, 'Paolo Ghiglione', NULL, '1997-02-02', 'Italy', 'PLAYER', 'Attacker', NULL),
(2707, 1, 'Christian Kouamé', NULL, '1997-12-06', 'Côte d’Ivoire', 'PLAYER', 'Attacker', NULL),
(2019, 1, 'Gianluigi Buffon', NULL, '1978-01-28', 'Italy', 'PLAYER', 'Goalkeeper', NULL),
(11042, 1, 'Davide  Nicola', NULL, '1973-03-05', 'Italy', 'COACH', '', NULL),
(2023, 1, 'Carlo Pinsoglio', NULL, '1990-03-16', 'Italy', 'PLAYER', 'Goalkeeper', NULL),
(2027, 1, 'Daniele Rugani', NULL, '1994-07-29', 'Italy', 'PLAYER', 'Defender', NULL),
(2025, 1, 'Giorgio Chiellini', NULL, '1984-08-14', 'Italy', 'PLAYER', 'Defender', NULL),
(2030, 1, 'Mattia De Sciglio', NULL, '1992-10-20', 'Italy', 'PLAYER', 'Defender', NULL),
(2035, 1, 'Sami Khedira', NULL, '1987-04-04', 'Germany', 'PLAYER', 'Midfielder', NULL),
(2036, 1, 'Miralem Pjani?', NULL, '1990-04-02', 'Bosnia and Herzegovina', 'PLAYER', 'Midfielder', NULL),
(2039, 1, 'Douglas Costa', NULL, '1990-09-14', 'Brazil', 'PLAYER', 'Midfielder', NULL),
(2037, 1, 'Juan Cuadrado', NULL, '1988-05-26', 'Colombia', 'PLAYER', 'Midfielder', NULL),
(2042, 1, 'Blaise Matuidi', NULL, '1987-04-09', 'France', 'PLAYER', 'Midfielder', NULL),
(7791, 1, 'Aaron Ramsey', NULL, '1990-12-26', 'Wales', 'PLAYER', 'Midfielder', NULL),
(3368, 1, 'Adrien Rabiot', NULL, '1995-04-03', 'France', 'PLAYER', 'Midfielder', NULL),
(2047, 1, 'Gonzalo Higuaín', NULL, '1987-12-10', 'Argentina', 'PLAYER', 'Attacker', NULL),
(10983, 1, 'Maurizio Sarri', NULL, '1959-01-10', 'Italy', 'COACH', '', NULL),
(3722, 1, 'David Ospina', NULL, '1988-08-31', 'Colombia', 'PLAYER', 'Goalkeeper', NULL),
(8106, 1, 'Orestis Karnezis', NULL, '1985-07-11', 'Greece', 'PLAYER', 'Goalkeeper', NULL),
(1798, 1, 'Kostas Manolas', NULL, '1991-06-14', 'Greece', 'PLAYER', 'Defender', NULL),
(2084, 1, 'Faouzi Ghoulam', NULL, '1991-02-01', 'Algeria', 'PLAYER', 'Defender', NULL),
(2088, 1, 'Elseid Hysaj', NULL, '1994-02-20', 'Albania', 'PLAYER', 'Defender', NULL),
(2483, 1, 'Sebastiano Luperto', NULL, '1996-09-06', 'Italy', 'PLAYER', 'Defender', NULL),
(3436, 1, 'Nikola Maksimovi?', NULL, '1991-11-25', 'Serbia', 'PLAYER', 'Defender', NULL),
(8398, 1, 'Kevin Malcuit', NULL, '1991-07-31', 'Morocco', 'PLAYER', 'Defender', NULL),
(2193, 1, 'Matteo Politano', NULL, '1993-08-03', 'Italy', 'PLAYER', 'Midfielder', NULL),
(7557, 1, 'Amin Younes', NULL, '1993-08-06', 'Germany', 'PLAYER', 'Midfielder', NULL),
(30629, 1, 'Eljif Elmas', NULL, '1999-09-24', 'North Macedonia', 'PLAYER', 'Midfielder', NULL),
(9544, 1, 'Diego Demme', NULL, '1991-11-21', 'Germany', 'PLAYER', 'Midfielder', NULL),
(33628, 1, 'Stanislav Lobotka', NULL, '1994-11-25', 'Slovakia', 'PLAYER', 'Midfielder', NULL),
(2096, 1, 'Allan', NULL, '1991-01-08', 'Brazil', 'PLAYER', 'Midfielder', NULL),
(2104, 1, 'José Callejón', NULL, '1987-02-11', 'Spain', 'PLAYER', 'Attacker', NULL),
(2105, 1, 'Arkadiusz Milik', NULL, '1994-02-28', 'Poland', 'PLAYER', 'Attacker', NULL),
(3306, 1, 'Hirving Lozano', NULL, '1995-07-30', 'Mexico', 'PLAYER', 'Attacker', NULL),
(8007, 1, 'Llorente', NULL, '1985-02-26', 'Spain', 'PLAYER', 'Attacker', NULL),
(11088, 1, 'Gennaro Gattuso', NULL, '1978-01-09', 'Italy', 'COACH', '', NULL),
(2142, 1, 'Nicolas', NULL, '1988-04-12', 'Brazil', 'PLAYER', 'Goalkeeper', NULL),
(40648, 1, 'Samuele Perisan', NULL, '1997-08-21', 'Italy', 'PLAYER', 'Goalkeeper', NULL),
(1367, 1, 'Rodrigo Becão', NULL, '1996-01-19', 'Brazil', 'PLAYER', 'Defender', NULL),
(1874, 1, 'Sebastian De Maio', NULL, '1987-03-05', 'France', 'PLAYER', 'Defender', NULL),
(2117, 1, 'Samir', NULL, '1994-12-05', 'Brazil', 'PLAYER', 'Defender', NULL),
(2119, 1, 'Bram Nuytinck', NULL, '1990-05-04', 'Netherlands', 'PLAYER', 'Defender', NULL),
(7254, 1, 'Hidde ter Avest', NULL, '1997-05-20', 'Netherlands', 'PLAYER', 'Defender', NULL),
(8108, 1, 'Sebastian Prödl', NULL, '1987-06-21', 'Austria', 'PLAYER', 'Defender', NULL),
(8127, 1, 'Marvin Zeegelaar', NULL, '1990-08-12', 'Netherlands', 'PLAYER', 'Defender', NULL),
(2126, 1, 'Seko Fofana', NULL, '1995-05-07', 'Côte d’Ivoire', 'PLAYER', 'Midfielder', NULL),
(2424, 1, 'Mato Jajalo', NULL, '1988-05-25', 'Bosnia and Herzegovina', 'PLAYER', 'Midfielder', NULL),
(3500, 1, 'Ken Sema', NULL, '1993-09-30', 'Sweden', 'PLAYER', 'Midfielder', NULL),
(2432, 1, 'Ilija Nestorovski', NULL, '1990-03-12', 'North Macedonia', 'PLAYER', 'Attacker', NULL),
(6532, 1, 'Walace', NULL, '1995-04-04', 'Brazil', 'PLAYER', 'Midfielder', NULL),
(2139, 1, 'Kevin Lasagna', NULL, '1992-08-10', 'Italy', 'PLAYER', 'Attacker', NULL),
(3543, 1, '?ukasz Teodorczyk', NULL, '1991-06-03', 'Poland', 'PLAYER', 'Attacker', NULL),
(8131, 1, 'Stefano Okaka', NULL, '1989-08-09', 'Italy', 'PLAYER', 'Attacker', NULL),
(133968, 1, 'Luca Gotti', NULL, '1967-09-13', 'Italy', 'INTERIM_COACH', '', NULL),
(2175, 1, 'Gianluca Pegolo', NULL, '1981-03-25', 'Italy', 'PLAYER', 'Goalkeeper', NULL),
(2176, 1, 'Andrea Consigli', NULL, '1987-01-27', 'Italy', 'PLAYER', 'Goalkeeper', NULL),
(98600, 1, 'Alessandro Russo', NULL, '2001-03-31', 'Italy', 'PLAYER', 'Goalkeeper', NULL),
(41384, 1, 'Stefano Turati', NULL, '2001-09-05', 'Italy', 'PLAYER', 'Goalkeeper', NULL),
(1902, 1, 'Filippo Romagna', NULL, '1997-05-26', 'Italy', 'PLAYER', 'Defender', NULL),
(162, 1, 'Jeremy Toljan', NULL, '1994-08-08', 'Germany', 'PLAYER', 'Defender', NULL),
(2181, 1, 'Federico Peluso', NULL, '1984-01-20', 'Italy', 'PLAYER', 'Defender', NULL),
(2087, 1, 'Vlad Chiriche?', NULL, '1989-11-14', 'Romania', 'PLAYER', 'Defender', NULL),
(2250, 1, 'Gianmarco Ferrari', NULL, '1992-02-15', 'Italy', 'PLAYER', 'Defender', NULL),
(2188, 1, 'Rogério', NULL, '1998-01-13', 'Brazil', 'PLAYER', 'Defender', NULL),
(2592, 1, 'Giangiacomo Magnani', NULL, '1995-10-04', 'Italy', 'PLAYER', 'Defender', NULL),
(1751, 1, 'Manuel Locatelli', NULL, '1998-01-08', 'Italy', 'PLAYER', 'Midfielder', NULL),
(83697, 1, 'Alessandro Tripaldelli', NULL, '1999-02-09', 'Italy', 'PLAYER', 'Defender', NULL),
(2190, 1, 'Francesco Magnanelli', NULL, '1984-11-12', 'Italy', 'PLAYER', 'Midfielder', NULL),
(2334, 1, 'Filip ?uri?i?', NULL, '1992-01-30', 'Serbia', 'PLAYER', 'Midfielder', NULL),
(43256, 1, 'Giorgos Kiriakopoulos', NULL, '1996-02-05', 'Greece', 'PLAYER', 'Defender', NULL),
(2499, 1, 'Hamed Traoré', NULL, '2000-02-16', 'Côte d’Ivoire', 'PLAYER', 'Midfielder', NULL),
(4121, 1, 'Jérémie Boga', NULL, '1997-01-03', 'Côte d’Ivoire', 'PLAYER', 'Midfielder', NULL),
(8210, 1, 'Pedro Obiang', NULL, '1992-03-27', 'Equatorial Guinea', 'PLAYER', 'Midfielder', NULL),
(8440, 1, 'Marlon', NULL, '1995-09-07', 'Brazil', 'PLAYER', 'Midfielder', NULL),
(98966, 1, 'Lukáš Haraslín', NULL, '1996-05-26', 'Slovakia', 'PLAYER', 'Midfielder', NULL),
(30087, 1, 'Mehdi Bourabia', NULL, '1991-08-07', 'Morocco', 'PLAYER', 'Midfielder', NULL),
(1824, 1, 'Gregoire Defrel', NULL, '1991-06-17', 'Martinique', 'PLAYER', 'Attacker', NULL),
(2202, 1, 'Domenico Berardi', NULL, '1994-08-01', 'Italy', 'PLAYER', 'Attacker', NULL),
(119163, 1, 'Andrea Ghion', NULL, '2000-02-23', 'Italy', 'PLAYER', 'Midfielder', NULL),
(2506, 1, 'Francesco Caputo', NULL, '1987-08-06', 'Italy', 'PLAYER', 'Attacker', NULL),
(114117, 1, 'Giacomo Raspadori', NULL, '2000-02-18', 'Italy', 'PLAYER', 'Attacker', NULL),
(11109, 1, 'Roberto De Zerbi', NULL, '1979-06-06', 'Italy', 'COACH', '', NULL),
(1929, 1, 'Andrea Seculin', NULL, '1990-07-14', 'Italy', 'PLAYER', 'Goalkeeper', NULL),
(3087, 1, 'Emil Audero', NULL, '1997-01-18', 'Italy', 'PLAYER', 'Goalkeeper', NULL),
(56649, 1, 'Wladimiro Falcone', NULL, '1995-04-12', 'Italy', 'PLAYER', 'Goalkeeper', NULL),
(2149, 1, 'Alex Ferrari', NULL, '1994-07-01', 'Italy', 'PLAYER', 'Defender', NULL),
(2089, 1, 'Lorenzo Tonelli', NULL, '1990-01-17', 'Italy', 'PLAYER', 'Defender', NULL),
(2251, 1, 'Nicola Murru', NULL, '1994-12-16', 'Italy', 'PLAYER', 'Defender', NULL),
(2831, 1, 'Tommaso Augello', NULL, '1994-08-30', 'Italy', 'PLAYER', 'Defender', NULL),
(7748, 1, 'Julian Chabot', NULL, '1998-02-12', 'Germany', 'PLAYER', 'Defender', NULL),
(99358, 1, 'Kaique Rocha', NULL, '2001-02-28', 'Brazil', 'PLAYER', 'Defender', NULL),
(8965, 1, 'Omar Colley', NULL, '1992-10-24', 'Gambia', 'PLAYER', 'Defender', NULL),
(8082, 1, 'Maya Yoshida', NULL, '1988-08-24', 'Japan', 'PLAYER', 'Defender', NULL),
(1947, 1, 'Fabio Depaoli', NULL, '1997-04-24', 'Italy', 'PLAYER', 'Midfielder', NULL),
(1979, 1, 'Andrea Bertolacci', NULL, '1991-01-11', 'Italy', 'PLAYER', 'Midfielder', NULL),
(2255, 1, 'Édgar Barreto', NULL, '1984-07-15', 'Paraguay', 'PLAYER', 'Midfielder', NULL),
(2264, 1, 'Gastón Ramírez', NULL, '1990-12-02', 'Uruguay', 'PLAYER', 'Midfielder', NULL),
(2258, 1, 'Karol Linetty', NULL, '1995-02-02', 'Poland', 'PLAYER', 'Midfielder', NULL),
(4149, 1, 'Ronaldo Vieira', NULL, '1998-07-19', 'Guinea-Bissau', 'PLAYER', 'Midfielder', NULL),
(7421, 1, 'Morten Thorsby', NULL, '1996-05-05', 'Norway', 'PLAYER', 'Midfielder', NULL),
(6527, 1, 'Albin Ekdal', NULL, '1989-07-28', 'Sweden', 'PLAYER', 'Midfielder', NULL),
(11698, 1, 'Gonzalo Maroni', NULL, '1999-03-18', 'Argentina', 'PLAYER', 'Midfielder', NULL),
(1956, 1, 'Mehdi Leris', NULL, '1998-05-23', 'France', 'PLAYER', 'Attacker', NULL),
(2268, 1, 'Fabio Quagliarella', NULL, '1983-01-31', 'Italy', 'PLAYER', 'Attacker', NULL),
(2434, 1, 'Antonio La Gumina', NULL, '1996-03-06', 'Italy', 'PLAYER', 'Attacker', NULL),
(2373, 1, 'Federico Bonazzoli', NULL, '1997-05-21', 'Italy', 'PLAYER', 'Attacker', NULL),
(8101, 1, 'Manolo Gabbiadini', NULL, '1991-11-26', 'Italy', 'PLAYER', 'Attacker', NULL),
(45118, 1, 'Claudio Ranieri', NULL, '1951-10-20', 'Italy', 'COACH', '', NULL),
(2577, 1, 'Antonio Rosati', NULL, '1983-03-26', 'Italy', 'PLAYER', 'Goalkeeper', NULL),
(2648, 1, 'Samir Ujkani', NULL, '1988-07-05', 'Kosovo', 'PLAYER', 'Goalkeeper', NULL),
(1106, 1, 'Gleison', NULL, '1997-03-18', 'Brazil', 'PLAYER', 'Defender', NULL),
(2281, 1, 'Nicolas Nkoulou', NULL, '1990-03-27', 'Cameroon', 'PLAYER', 'Defender', NULL),
(2283, 1, 'Lyanco', NULL, '1997-02-01', 'Brazil', 'PLAYER', 'Defender', NULL),
(2284, 1, 'Cristian Ansaldi', NULL, '1986-09-20', 'Argentina', 'PLAYER', 'Defender', NULL),
(2290, 1, 'Daniele Baselli', NULL, '1992-03-12', 'Italy', 'PLAYER', 'Midfielder', NULL),
(8689, 1, 'Koffi Djidji', NULL, '1992-11-30', 'Côte d’Ivoire', 'PLAYER', 'Defender', NULL),
(1880, 1, 'Simone Verdi', NULL, '1992-07-12', 'Italy', 'PLAYER', 'Midfielder', NULL),
(2292, 1, 'Lorenzo De Silvestri', NULL, '1988-05-23', 'Italy', 'PLAYER', 'Midfielder', NULL),
(113375, 1, 'Wilfried Singo', NULL, '2000-12-25', 'Côte d’Ivoire', 'PLAYER', 'Defender', NULL),
(2297, 1, 'Michel Ndary Adopo', NULL, '2000-01-01', 'France', 'PLAYER', 'Midfielder', NULL),
(2295, 1, 'Tomás Rincón', NULL, '1988-01-13', 'Venezuela', 'PLAYER', 'Midfielder', NULL),
(2294, 1, 'Álex Berenguer', NULL, '1995-07-04', 'Spain', 'PLAYER', 'Midfielder', NULL),
(8513, 1, 'Soualiho Meïté', NULL, '1994-03-17', 'France', 'PLAYER', 'Midfielder', NULL),
(32938, 1, 'Saša Luki?', NULL, '1996-08-13', 'Serbia', 'PLAYER', 'Midfielder', NULL),
(2301, 1, 'Simone Edera', NULL, '1997-01-09', 'Italy', 'PLAYER', 'Attacker', NULL),
(2303, 1, 'Vincenzo Millico', NULL, '2000-08-12', 'Italy', 'PLAYER', 'Attacker', NULL),
(33152, 1, 'Simone Zaza', NULL, '1991-06-25', 'Italy', 'PLAYER', 'Attacker', NULL),
(40484, 1, 'Moreno Longo', NULL, '1976-02-14', 'Italy', 'COACH', '', NULL);

-- --------------------------------------------------------

--
-- Estructura de tabla para la tabla `partidos`
--

DROP TABLE IF EXISTS `partidos`;
CREATE TABLE IF NOT EXISTS `partidos` (
  `ID` int(3) NOT NULL,
  `ID_Competicion` int(3) NOT NULL,
  `ID_Combinado_Local` int(5) NOT NULL,
  `ID_Combinado_Visitante` int(5) NOT NULL,
  `Numero_Jornada` int(3) DEFAULT NULL,
  `Goles_Anotaciones_Local` int(3) DEFAULT NULL,
  `Goles_Anotaciones_Visitante` int(3) DEFAULT NULL,
  `Jugado` tinyint(1) DEFAULT NULL,
  `Fecha` date DEFAULT NULL,
  PRIMARY KEY (`ID`),
  KEY `ID_Combinado_Local` (`ID_Combinado_Local`),
  KEY `ID_Combinado_Visitante` (`ID_Combinado_Visitante`),
  KEY `ID_Competicion` (`ID_Competicion`)
) ENGINE=MyISAM DEFAULT CHARSET=latin1;

--
-- Volcado de datos para la tabla `partidos`
--

INSERT INTO `partidos` (`ID`, `ID_Competicion`, `ID_Combinado_Local`, `ID_Combinado_Visitante`, `Numero_Jornada`, `Goles_Anotaciones_Local`, `Goles_Anotaciones_Visitante`, `Jugado`, `Fecha`) VALUES
(279249, 2019, 99, 109, 34, 0, 0, 0, '2019-09-14'),
(279247, 2019, 113, 584, 34, 2, 0, 0, '2019-09-14'),
(279248, 2019, 108, 115, 34, 1, 0, 0, '2019-09-14'),
(279253, 2019, 107, 102, 34, 1, 2, 2, '2019-09-15'),
(279251, 2019, 112, 104, 34, 1, 3, 3, '2019-09-15'),
(279254, 2019, 449, 103, 34, 3, 4, 4, '2019-09-15'),
(279256, 2019, 1107, 110, 34, 2, 1, 1, '2019-09-15'),
(279250, 2019, 100, 471, 34, 4, 2, 2, '2019-09-15'),
(279255, 2019, 450, 98, 34, 0, 1, 1, '2019-09-15'),
(279252, 2019, 586, 5890, 34, 1, 2, 2, '2019-09-16'),
(279230, 2019, 112, 109, 34, 0, 1, 1, '2019-08-24'),
(279229, 2019, 100, 107, 34, 3, 3, 3, '2019-08-25'),
(279231, 2019, 115, 98, 34, 1, 0, 0, '2019-08-25'),
(279228, 2019, 99, 113, 34, 3, 4, 4, '2019-08-24'),
(279232, 2019, 584, 110, 34, 0, 3, 3, '2019-08-25'),
(279233, 2019, 104, 449, 34, 0, 1, 1, '2019-08-25'),
(279234, 2019, 586, 471, 34, 2, 1, 1, '2019-08-25'),
(279235, 2019, 450, 103, 34, 1, 1, 1, '2019-08-25'),
(279236, 2019, 1107, 102, 34, 2, 3, 3, '2019-08-25'),
(279227, 2019, 108, 5890, 34, 4, 0, 0, '2019-08-26'),
(279277, 2019, 109, 1107, 34, 2, 0, 0, '2019-09-28'),
(279283, 2019, 584, 108, 34, 1, 3, 3, '2019-09-28'),
(279285, 2019, 471, 102, 34, 1, 4, 4, '2019-09-28'),
(279278, 2019, 113, 449, 34, 2, 1, 1, '2019-09-29'),
(279279, 2019, 110, 107, 34, 4, 0, 0, '2019-09-29'),
(279286, 2019, 5890, 100, 34, 0, 1, 1, '2019-09-29'),
(279282, 2019, 115, 103, 34, 1, 0, 0, '2019-09-29'),
(279284, 2019, 104, 450, 34, 1, 1, 1, '2019-09-29'),
(279280, 2019, 98, 99, 34, 1, 3, 3, '2019-09-29'),
(279263, 2019, 104, 107, 34, 3, 1, 1, '2019-09-20'),
(279281, 2019, 112, 586, 34, 3, 2, 2, '2019-09-30'),
(279260, 2019, 115, 449, 34, 0, 1, 1, '2019-09-21'),
(279257, 2019, 109, 450, 34, 2, 1, 1, '2019-09-21'),
(279259, 2019, 98, 108, 34, 0, 2, 2, '2019-09-21'),
(279262, 2019, 584, 586, 34, 1, 0, 0, '2019-09-22'),
(279265, 2019, 471, 1107, 34, 3, 0, 0, '2019-09-22'),
(279264, 2019, 103, 100, 34, 1, 2, 2, '2019-09-22'),
(279261, 2019, 102, 99, 34, 2, 2, 2, '2019-09-22'),
(279266, 2019, 5890, 113, 34, 1, 4, 4, '2019-09-22'),
(279258, 2019, 110, 112, 34, 2, 0, 0, '2019-09-22'),
(279239, 2019, 98, 449, 34, 1, 0, 0, '2019-08-31'),
(279243, 2019, 103, 1107, 34, 1, 0, 0, '2019-08-30'),
(279237, 2019, 109, 113, 34, 4, 3, 3, '2019-08-31'),
(279241, 2019, 102, 586, 34, 2, 3, 3, '2019-09-01'),
(279238, 2019, 110, 100, 34, 1, 1, 1, '2019-09-01'),
(279240, 2019, 115, 112, 34, 1, 3, 3, '2019-09-01'),
(279244, 2019, 107, 99, 34, 2, 1, 1, '2019-09-01'),
(279242, 2019, 104, 108, 34, 1, 2, 2, '2019-09-01'),
(279245, 2019, 471, 584, 34, 4, 1, 1, '2019-09-01'),
(279246, 2019, 5890, 450, 34, 0, 1, 1, '2019-09-01'),
(279275, 2019, 450, 115, 34, 0, 0, 0, '2019-09-24'),
(279274, 2019, 449, 109, 34, 1, 2, 2, '2019-09-24'),
(279270, 2019, 100, 102, 34, 0, 2, 2, '2019-09-25'),
(279267, 2019, 113, 104, 34, 0, 1, 1, '2019-09-25'),
(279268, 2019, 108, 110, 34, 1, 0, 0, '2019-09-25'),
(279269, 2019, 99, 584, 34, 2, 1, 1, '2019-09-25'),
(279271, 2019, 112, 471, 34, 1, 0, 0, '2019-09-25'),
(279273, 2019, 107, 103, 34, 0, 0, 0, '2019-09-25'),
(279276, 2019, 1107, 5890, 34, 1, 3, 3, '2019-09-25'),
(279272, 2019, 586, 98, 34, 2, 1, 1, '2019-09-26'),
(279314, 2019, 450, 471, 34, 0, 1, 1, '2019-10-25'),
(279316, 2019, 5890, 109, 34, 1, 1, 1, '2019-10-26'),
(279307, 2019, 108, 112, 34, 2, 2, 2, '2019-10-26'),
(279313, 2019, 107, 449, 34, 3, 1, 1, '2019-10-26'),
(279312, 2019, 103, 584, 34, 2, 1, 1, '2019-10-27'),
(279310, 2019, 102, 115, 34, 7, 1, 1, '2019-10-27'),
(279311, 2019, 586, 104, 34, 1, 1, 1, '2019-10-27'),
(279315, 2019, 1107, 113, 34, 1, 1, 1, '2019-10-27'),
(279309, 2019, 100, 98, 34, 2, 1, 1, '2019-10-27'),
(279308, 2019, 99, 110, 34, 1, 2, 2, '2019-10-27'),
(279296, 2019, 1107, 112, 34, 1, 0, 0, '2019-10-05'),
(279295, 2019, 450, 584, 34, 2, 0, 0, '2019-10-05'),
(279293, 2019, 107, 98, 34, 1, 2, 2, '2019-10-05'),
(279288, 2019, 99, 115, 34, 1, 0, 0, '2019-10-06'),
(279289, 2019, 100, 104, 34, 1, 1, 1, '2019-10-06'),
(279290, 2019, 102, 5890, 34, 3, 1, 1, '2019-10-06'),
(279292, 2019, 103, 110, 34, 2, 2, 2, '2019-10-06'),
(279291, 2019, 586, 113, 34, 0, 0, 0, '2019-10-06'),
(279287, 2019, 108, 109, 34, 1, 2, 2, '2019-10-06'),
(279294, 2019, 449, 471, 34, 0, 2, 2, '2019-12-18'),
(279321, 2019, 112, 450, 34, 0, 1, 1, '2019-10-29'),
(279325, 2019, 449, 108, 34, 1, 2, 2, '2019-10-29'),
(279318, 2019, 113, 102, 34, 2, 2, 2, '2019-10-30'),
(279317, 2019, 109, 107, 34, 2, 1, 1, '2019-10-30'),
(279319, 2019, 110, 586, 34, 4, 0, 0, '2019-10-30'),
(279322, 2019, 115, 100, 34, 0, 4, 4, '2019-10-30'),
(279323, 2019, 584, 5890, 34, 1, 1, 1, '2019-10-30'),
(279324, 2019, 104, 103, 34, 3, 2, 2, '2019-10-30'),
(279326, 2019, 471, 99, 34, 1, 2, 2, '2019-10-30'),
(279320, 2019, 98, 1107, 34, 1, 0, 0, '2019-10-31'),
(279328, 2019, 100, 113, 34, 2, 1, 1, '2019-11-02'),
(279332, 2019, 103, 108, 34, 1, 2, 2, '2019-11-02'),
(279331, 2019, 586, 109, 34, 0, 1, 1, '2019-11-02'),
(279330, 2019, 102, 104, 34, 0, 2, 2, '2019-11-03'),
(279333, 2019, 107, 115, 34, 1, 3, 3, '2019-11-03'),
(279334, 2019, 450, 449, 34, 2, 1, 1, '2019-11-03'),
(279327, 2019, 99, 112, 34, 1, 1, 1, '2019-11-03'),
(279329, 2019, 98, 110, 34, 1, 2, 2, '2019-11-03'),
(279336, 2019, 5890, 471, 34, 2, 2, 2, '2019-11-03'),
(279335, 2019, 1107, 584, 34, 0, 1, 1, '2019-11-04'),
(279367, 2019, 108, 100, 34, 0, 0, 0, '2019-12-06'),
(279370, 2019, 102, 450, 34, 3, 2, 2, '2019-12-07'),
(279369, 2019, 115, 113, 34, 1, 1, 1, '2019-12-07'),
(279368, 2019, 110, 109, 34, 3, 1, 1, '2019-12-07'),
(279376, 2019, 5890, 107, 34, 2, 2, 2, '2019-12-08'),
(279372, 2019, 586, 99, 34, 2, 1, 1, '2019-12-08'),
(279374, 2019, 471, 104, 34, 2, 2, 2, '2019-12-08'),
(279375, 2019, 1107, 449, 34, 0, 1, 1, '2019-12-08'),
(279371, 2019, 584, 112, 34, 0, 1, 1, '2019-12-08'),
(279373, 2019, 103, 98, 34, 2, 3, 3, '2019-12-08'),
(279385, 2019, 449, 5890, 34, 3, 0, 0, '2019-12-14'),
(279378, 2019, 113, 112, 34, 1, 2, 2, '2019-12-14'),
(279384, 2019, 107, 584, 34, 0, 1, 1, '2019-12-14'),
(279386, 2019, 450, 586, 34, 3, 3, 3, '2019-12-15'),
(279377, 2019, 109, 115, 34, 3, 1, 1, '2019-12-15'),
(279381, 2019, 98, 471, 34, 0, 0, 0, '2019-12-15'),
(279379, 2019, 99, 108, 34, 1, 1, 1, '2019-12-15'),
(279383, 2019, 103, 102, 34, 2, 1, 1, '2019-12-15'),
(279380, 2019, 100, 1107, 34, 3, 1, 1, '2019-12-15'),
(279393, 2019, 584, 109, 34, 1, 2, 2, '2019-12-18'),
(279382, 2019, 104, 110, 34, 1, 2, 2, '2019-12-16'),
(279388, 2019, 99, 100, 34, 1, 4, 4, '2019-12-20'),
(279391, 2019, 115, 104, 34, 2, 1, 1, '2019-12-21'),
(279387, 2019, 108, 107, 34, 4, 0, 0, '2019-12-21'),
(279394, 2019, 586, 1107, 34, 1, 2, 2, '2019-12-21'),
(279392, 2019, 102, 98, 34, 5, 0, 0, '2019-12-22'),
(279390, 2019, 112, 449, 34, 1, 1, 1, '2019-12-22'),
(279396, 2019, 5890, 103, 34, 2, 3, 3, '2019-12-22'),
(279395, 2019, 471, 113, 34, 1, 2, 2, '2019-12-22'),
(279409, 2019, 110, 113, 34, 1, 0, 0, '2020-01-11'),
(279389, 2019, 110, 450, 34, 0, 0, 0, '2020-02-05'),
(279414, 2019, 104, 98, 34, 0, 2, 2, '2020-01-11'),
(279408, 2019, 99, 1107, 34, 1, 0, 0, '2020-01-12'),
(279412, 2019, 115, 471, 34, 3, 0, 0, '2020-01-12'),
(279407, 2019, 108, 102, 34, 1, 1, 1, '2020-01-11'),
(279413, 2019, 584, 449, 34, 5, 1, 1, '2020-01-12'),
(279415, 2019, 586, 103, 34, 1, 0, 0, '2020-01-12'),
(279416, 2019, 450, 107, 34, 2, 1, 1, '2020-01-12'),
(279410, 2019, 100, 109, 34, 1, 2, 2, '2020-01-12'),
(279411, 2019, 112, 5890, 34, 2, 0, 0, '2020-01-13'),
(279419, 2019, 110, 584, 34, 5, 1, 1, '2020-01-18'),
(279425, 2019, 471, 586, 34, 2, 1, 1, '2020-01-18'),
(279418, 2019, 113, 99, 34, 0, 2, 2, '2020-01-18'),
(279420, 2019, 98, 115, 34, 3, 2, 2, '2020-01-19'),
(279422, 2019, 103, 450, 34, 1, 1, 1, '2020-01-19'),
(279424, 2019, 449, 104, 34, 2, 2, 2, '2020-01-19'),
(279426, 2019, 5890, 108, 34, 1, 1, 1, '2020-01-19'),
(279423, 2019, 107, 100, 34, 1, 3, 3, '2020-01-19'),
(279417, 2019, 109, 112, 34, 2, 1, 1, '2020-01-19'),
(279421, 2019, 102, 1107, 34, 1, 2, 2, '2020-01-20'),
(279450, 2019, 100, 103, 34, 2, 3, 3, '2020-02-07'),
(279449, 2019, 99, 102, 34, 1, 2, 2, '2020-02-08'),
(279452, 2019, 586, 584, 34, 1, 3, 3, '2020-02-08'),
(279455, 2019, 450, 109, 34, 2, 1, 1, '2020-02-08'),
(279456, 2019, 1107, 471, 34, 1, 2, 2, '2020-02-09'),
(279447, 2019, 113, 5890, 34, 2, 3, 3, '2020-02-09'),
(279453, 2019, 107, 104, 34, 1, 0, 0, '2020-02-09'),
(279454, 2019, 449, 115, 34, 1, 1, 1, '2020-02-09'),
(279451, 2019, 112, 110, 34, 0, 1, 1, '2020-02-09'),
(279448, 2019, 108, 98, 34, 4, 2, 2, '2020-02-09'),
(279299, 2019, 110, 102, 34, 3, 3, 3, '2019-10-19'),
(279297, 2019, 109, 103, 34, 2, 1, 1, '2019-10-19'),
(279298, 2019, 113, 450, 34, 2, 0, 0, '2019-10-19'),
(279306, 2019, 471, 108, 34, 3, 4, 4, '2019-10-20'),
(279302, 2019, 115, 586, 34, 1, 0, 0, '2019-10-20'),
(279303, 2019, 584, 100, 34, 0, 0, 0, '2019-10-20'),
(279304, 2019, 104, 1107, 34, 2, 0, 0, '2019-10-20'),
(279301, 2019, 112, 107, 34, 5, 1, 1, '2019-10-20'),
(279300, 2019, 98, 5890, 34, 2, 2, 2, '2019-10-20'),
(279305, 2019, 449, 99, 34, 0, 0, 0, '2019-10-21'),
(279346, 2019, 471, 103, 34, 3, 1, 1, '2019-11-08'),
(279345, 2019, 449, 586, 34, 0, 4, 4, '2019-11-09'),
(279339, 2019, 108, 450, 34, 2, 1, 1, '2019-11-09'),
(279338, 2019, 113, 107, 34, 0, 0, 0, '2019-11-09'),
(279344, 2019, 104, 99, 34, 5, 2, 2, '2019-11-10'),
(279340, 2019, 110, 5890, 34, 4, 2, 2, '2019-11-10'),
(279342, 2019, 115, 1107, 34, 0, 0, 0, '2019-11-10'),
(279343, 2019, 584, 102, 34, 0, 0, 0, '2019-11-10'),
(279341, 2019, 112, 100, 34, 2, 0, 0, '2019-11-10'),
(279337, 2019, 109, 98, 34, 1, 0, 0, '2019-11-10'),
(279404, 2019, 449, 110, 34, 1, 2, 2, '2020-01-05'),
(279405, 2019, 1107, 450, 34, 0, 2, 2, '2020-01-05'),
(279403, 2019, 107, 471, 34, 2, 1, 1, '2020-01-05'),
(279399, 2019, 100, 586, 34, 0, 2, 2, '2020-01-05'),
(279402, 2019, 103, 99, 34, 1, 1, 1, '2020-01-06'),
(279397, 2019, 109, 104, 34, 4, 0, 0, '2020-01-06'),
(279400, 2019, 98, 584, 34, 0, 0, 0, '2020-01-06'),
(279406, 2019, 5890, 115, 34, 0, 1, 1, '2020-01-06'),
(279398, 2019, 113, 108, 34, 1, 3, 3, '2020-01-06'),
(279401, 2019, 102, 112, 34, 5, 0, 0, '2020-01-06'),
(279434, 2019, 449, 98, 34, 0, 1, 1, '2020-01-24'),
(279436, 2019, 1107, 103, 34, 1, 3, 3, '2020-01-25'),
(279429, 2019, 99, 107, 34, 0, 0, 0, '2020-01-25'),
(279433, 2019, 586, 102, 34, 0, 7, 7, '2020-01-25'),
(279428, 2019, 108, 104, 34, 1, 1, 1, '2020-01-26'),
(279431, 2019, 112, 115, 34, 2, 0, 0, '2020-01-26'),
(279432, 2019, 584, 471, 34, 0, 0, 0, '2020-01-26'),
(279435, 2019, 450, 5890, 34, 3, 0, 0, '2020-01-26'),
(279430, 2019, 100, 110, 34, 1, 1, 1, '2020-01-26'),
(279427, 2019, 113, 109, 34, 2, 1, 1, '2020-01-26'),
(279466, 2019, 5890, 1107, 34, 2, 1, 1, '2020-02-15'),
(279464, 2019, 103, 107, 34, 0, 3, 3, '2020-02-15'),
(279461, 2019, 102, 100, 34, 2, 1, 1, '2020-02-15'),
(279457, 2019, 109, 449, 34, 2, 0, 0, '2020-02-16'),
(279462, 2019, 584, 99, 34, 1, 5, 5, '2020-02-16'),
(279460, 2019, 115, 450, 34, 0, 0, 0, '2020-02-16'),
(279465, 2019, 471, 112, 34, 0, 1, 1, '2020-02-16'),
(279463, 2019, 104, 113, 34, 0, 1, 1, '2020-02-16'),
(279458, 2019, 110, 108, 34, 2, 1, 1, '2020-02-16'),
(279459, 2019, 98, 586, 34, 1, 0, 0, '2020-02-17'),
(279474, 2019, 449, 113, 34, 1, 2, 2, '2020-02-21'),
(279472, 2019, 103, 115, 34, 1, 1, 1, '2020-02-22'),
(279468, 2019, 99, 98, 34, 1, 1, 1, '2020-02-22'),
(279476, 2019, 1107, 109, 34, 1, 2, 2, '2020-02-22'),
(279473, 2019, 107, 110, 34, 2, 3, 3, '2020-02-23'),
(279469, 2019, 100, 5890, 34, 4, 0, 0, '2020-02-23'),
(279365, 2019, 449, 102, 34, 0, 3, 3, '2019-11-30'),
(279364, 2019, 107, 586, 34, 0, 1, 1, '2019-11-30'),
(279357, 2019, 109, 471, 34, 2, 2, 2, '2019-12-01'),
(279360, 2019, 99, 5890, 34, 0, 1, 1, '2019-11-30'),
(279359, 2019, 108, 1107, 34, 2, 1, 1, '2019-12-01'),
(279361, 2019, 110, 115, 34, 3, 0, 0, '2019-12-01'),
(279362, 2019, 112, 98, 34, 0, 1, 1, '2019-12-01'),
(279366, 2019, 450, 100, 34, 1, 3, 3, '2019-12-01'),
(279358, 2019, 113, 103, 34, 1, 2, 2, '2019-12-01'),
(279363, 2019, 104, 584, 34, 4, 3, 3, '2019-12-02'),
(279479, 2019, 110, 103, 34, 2, 0, 0, '2020-02-29'),
(279486, 2019, 5890, 102, 34, 2, 7, 7, '2020-03-01'),
(279484, 2019, 104, 100, 34, 3, 4, 4, '2020-03-01'),
(279481, 2019, 112, 1107, 34, 0, 1, 1, '2020-03-08'),
(279478, 2019, 113, 586, 34, 2, 1, 1, '2020-02-29'),
(279480, 2019, 98, 107, 34, 1, 2, 2, '2020-03-08'),
(279483, 2019, 584, 450, 34, 2, 1, 1, '2020-03-08'),
(279477, 2019, 109, 108, 34, 2, 0, 0, '2020-03-08'),
(279482, 2019, 115, 99, 34, 0, 0, 0, '2020-03-08'),
(279485, 2019, 471, 449, 34, 3, 0, 0, '2020-03-09'),
(279349, 2019, 102, 109, 34, 1, 3, 3, '2019-11-23'),
(279348, 2019, 98, 113, 34, 1, 1, 1, '2019-11-23'),
(279351, 2019, 586, 108, 34, 0, 3, 3, '2019-11-23'),
(279352, 2019, 103, 112, 34, 2, 2, 2, '2019-11-24'),
(279347, 2019, 100, 449, 34, 3, 0, 0, '2019-11-24'),
(279353, 2019, 450, 99, 34, 1, 0, 0, '2019-11-24'),
(279350, 2019, 584, 115, 34, 2, 1, 1, '2019-11-24'),
(279354, 2019, 471, 110, 34, 1, 2, 2, '2019-11-24'),
(279356, 2019, 5890, 104, 34, 2, 2, 2, '2019-11-25'),
(279355, 2019, 1107, 107, 34, 1, 1, 1, '2019-11-25');

-- --------------------------------------------------------

--
-- Estructura de tabla para la tabla `usuarios`
--

DROP TABLE IF EXISTS `usuarios`;
CREATE TABLE IF NOT EXISTS `usuarios` (
  `Nick` varchar(30) COLLATE utf8_spanish_ci NOT NULL,
  `Password` varchar(100) COLLATE utf8_spanish_ci NOT NULL,
  `Permiso` int(1) NOT NULL,
  PRIMARY KEY (`Nick`)
) ENGINE=MyISAM DEFAULT CHARSET=utf8 COLLATE=utf8_spanish_ci;

--
-- Volcado de datos para la tabla `usuarios`
--

INSERT INTO `usuarios` (`Nick`, `Password`, `Permiso`) VALUES
('nuevousuario ', 'b023bf477d859eb345a381eff25a6c70', 2);
COMMIT;

/*!40101 SET CHARACTER_SET_CLIENT=@OLD_CHARACTER_SET_CLIENT */;
/*!40101 SET CHARACTER_SET_RESULTS=@OLD_CHARACTER_SET_RESULTS */;
/*!40101 SET COLLATION_CONNECTION=@OLD_COLLATION_CONNECTION */;
